p_quarter,f_date,f_date_0,stories,Pro,Neutral,Anti,tone,Economic,Capacity_and_resources,Morality,Fairness_and_equality,Legality_jurisdiction,Policy_prescription,Crime_and_punishment,Security_and_defense,Health_and_safety,Quality_of_life,Cultural_identity,Public_sentiment,Political,External_regulation,Other,Economic_pro,Economic_anti,Capacity_and_resources_pro,Capacity_and_resources_anti,Morality_pro,Morality_anti,Fairness_and_equality_pro,Fairness_and_equality_anti,Legality_jurisdiction_pro,Legality_jurisdiction_anti,Policy_prescription_pro,Policy_prescription_anti,Crime_and_punishment_pro,Crime_and_punishment_anti,Security_and_defense_pro,Security_and_defense_anti,Health_and_safety_pro,Health_and_safety_anti,Quality_of_life_pro,Quality_of_life_anti,Cultural_identity_pro,Cultural_identity_anti,Public_sentiment_pro,Public_sentiment_anti,Political_pro,Political_anti,External_regulation_pro,External_regulation_anti,Other_pro,Other_anti,logStories,entropy,toneXentropy,dom,d_pro,d_anti,top_pro,top_anti,d1m2,d1p2,d_pro2,d_anti2,d_diff,entropy_2,entropy_3,entropy_4,entropy_5,entropy_6,entropy_7,entropy_8,entropy_9,entropy_10,entropy_11,entropy_12,entropy_13,entropy_14,entropy_pro,entropy_anti,toneXentropyPro,toneXentropyAnti,toneXd1m2,toneXd1p2,mood,transformed,prev_mood,prev_transformed,p_t
0,1992.0,0.0,85,20.901649251,9.321158675,54.777192071,-33.87554282,4.806792586,0.266612178,1.53857566,0.680295353,3.877695039,12.831057444,12.425997525,5.247976877,2.834119875,1.116946356,4.05893221,4.191392825,27.426925288,3.696680755,0,0.967147909041,3.28686667662,0.0673539879839,0.168776836402,0.434309005898,0.94628726925,0.175449604894,0.423192046121,1.26173043714,2.1087222308,3.83176208828,7.80088572839,2.83440375879,8.490181583,1.77289868393,2.94424626203,0.637390112167,1.97677851976,0.281166665775,0.72041865943,0.97297344974,2.74697289717,0.884111005107,2.69847771514,5.93590959225,17.9793252677,0.845042946912,2.48606036501,0.0,0.0,-0.27084382428,2.13639823127,-72.3716497639,0,2.10414750397,9.48914368471,12,12,14.595867844,40.257982732,3.10150583346,10.1784395393,-7.38499618074,0.625901488538,1.02453654763,1.23562277774,1.41137996448,1.55712024955,1.68721683322,1.8035939328,1.90847476876,1.99313616279,2.04850713131,2.09190324089,2.12184057612,2.13639823127,2.17015766655,2.12461407018,-73.5152689594,-71.9724549104,-494.442946144,-1363.76101788,0.74878,1.09211616615,,,0.824740683297
1,1992.25,0.25,113,31.84881422,12.135684975,69.015500807,-37.166686587,6.289953725,0.352631728,1.96682912,0.948530401,8.591893298,18.541529148,13.757392284,8.90973204,4.994124329,1.555956006,7.804345312,6.538965474,28.786873423,3.961243634,0,1.87111105201,3.80188851301,0.102434602913,0.21288137665,0.55916599801,1.26303014415,0.304048853862,0.536679394677,2.52211259524,4.96165565344,5.5763104503,11.2076150294,3.43333153999,9.10780639643,3.21293133248,4.89163417875,1.18489596357,3.36914541187,0.425336020934,1.00127963265,2.51998196571,4.51146196622,2.08736963443,3.64839187328,7.04017739875,17.9463343945,1.00960677736,2.55569682443,0.0,0.0,0.0138927379421,2.25073241771,-83.6522663604,0,1.46386694845,6.73871936507,12,12,10.245344275,47.328402571,3.60684585876,8.83852799808,-5.27485241661,0.669530282446,1.05217121508,1.29944280563,1.50248626297,1.67007272903,1.80713909501,1.92878280663,2.02870172576,2.11145816973,2.16333144758,2.20656138629,2.23659105579,2.25073241771,2.28025194196,2.24267239823,-84.7494092662,-83.3527021422,-380.785499645,-1759.03990502,0.73978,1.04482541762,0.74878,1.09211616615,0.806884768737
2,1992.5,0.5,57,12.514248823,7.5658414,36.919909781,-24.405660958,2.461881519,0.211356422,0.623964467,0.457191114,3.776992872,5.042216161,5.935539437,2.002607926,0.942641709,0.668305478,2.242274771,1.956126159,28.614943872,2.063958049,0,0.666697158361,1.43255860246,0.0521223149009,0.128635530034,0.185753280806,0.349601267712,0.130912250453,0.268429831379,1.62604832237,1.80932370849,1.23497366747,3.3368767808,1.11616864221,4.23180098313,0.555634880162,1.23181005928,0.208464769797,0.601721112799,0.159138142766,0.410053851761,0.779781295135,1.1765463594,0.515905828663,1.16952137946,4.79712526096,19.5052551619,0.485522998351,1.26777512247,0.0,0.0,-0.670443812936,1.82126036843,-44.4490630681,0,3.17107693859,15.2734541788,12,12,22.679404435,34.550483309,3.56215159349,16.1683783811,-12.1023772402,0.458718258244,0.781621606487,1.00930045565,1.16439929006,1.29859644555,1.41677009303,1.52520600568,1.62559663447,1.68439110289,1.72917127937,1.77091018844,1.80349192171,1.82126036843,2.05855594454,1.74162023824,-50.2404184455,-42.505393052,-553.50585537,-843.227381574,0.73812,1.03622002944,0.73978,1.04482541762,0.798284806495
3,1992.75,0.75,58,13.230569149,6.444049111,38.325381744,-25.094812595,2.704943562,0.177878422,0.623364715,0.40376608,4.085108696,7.14801384,9.522378291,3.146723545,0.906915017,0.50320401,2.362131901,2.787733483,20.330930957,3.296907448,0,0.559964300774,1.91993461725,0.0432320325691,0.112709367365,0.181993351632,0.390339322651,0.111653748747,0.252752856171,1.42685360089,2.28225719458,1.82124950997,4.73838263772,1.73110004235,6.95537980973,0.814934113879,2.07734950912,0.25974828397,0.576365815041,0.112022324298,0.341384437145,0.524934183303,1.67609192181,0.815080530805,1.67149344726,4.18852525116,12.9582423292,0.639277856065,2.37269846511,0.0,0.0,-0.653052070224,2.05654139345,-51.6085208624,0,2.36727574119,6.00286251949,12,12,10.808552666,29.853309248,2.45742520881,8.21985969149,-3.6355867783,0.626092367324,0.995947259199,1.22074558402,1.3946437731,1.54602121548,1.67449311332,1.79056164932,1.89046983598,1.94250319859,1.98156194084,2.01443648465,2.04199348554,2.05654139345,2.13055001109,2.05864050893,-53.4657532525,-51.6611977721,-271.238603576,-749.163200919,0.73778,1.03446183111,0.73812,1.03622002944,0.800184702296
4,1993.0,1.0,94,20.944046744,10.96291146,62.093041807,-41.148995063,3.204607634,0.282716228,1.403808314,0.70432759,4.114287008,14.179131551,11.702742401,4.449631591,2.06174084,1.062544216,5.648830147,4.546539808,37.058104202,3.580988463,0,0.575417037202,2.32907281034,0.0645531374569,0.178743362351,0.41785884666,0.850384144299,0.164605012693,0.444462415632,1.47346545226,2.22963536615,4.0969691321,8.67977384512,2.31706375477,8.30085310701,1.24616080182,2.76050403141,0.343428522139,1.50838004794,0.233574121469,0.731945525879,1.6280416167,3.51242796246,1.10860110481,2.89013578885,6.36602928602,25.3893824539,0.908278916936,2.28734093968,0.0,0.0,-0.1702002985,1.99952160345,-82.2783045886,0,2.26906015393,16.7096086088,12,12,22.878972651,51.237235753,4.04896553125,17.0885293469,-14.4405484549,0.589843056386,0.960445245261,1.16583573641,1.32624677261,1.46980186595,1.59535494287,1.70258496691,1.79665089455,1.86437304204,1.91490709004,1.95547728005,1.98502464785,1.99952160345,2.11984221745,1.97122070273,-87.2293769401,-81.1137509649,-941.446732663,-2108.36076104,0.75607,1.1312526656,0.73778,1.03446183111,0.813093972487
5,1993.25,1.25,69,17.261401818,7.077218825,44.661379354,-27.399977536,5.1283572,0.223103335,0.81173095,0.469077104,3.462515167,9.509447916,8.661057412,4.678852408,1.907958507,0.824511857,4.26211421,4.418215963,20.382018317,4.261039629,0,1.12502241853,3.66147622996,0.0615022394604,0.129840805057,0.260930534107,0.445938542308,0.145416088837,0.272886243197,1.33553148255,1.83631551738,3.09705080816,5.61912342715,2.5793735977,5.31734986162,1.26399983709,2.97096152747,0.416066953895,1.30105375838,0.200337082814,0.533666644164,1.32941854183,2.4863810614,0.966792657905,3.06067457182,3.37522333915,14.3779094282,1.10473623103,2.64780171754,0.0,0.0,-0.479388576173,2.19644494253,-60.1825420845,0,0.278172530987,8.75878600106,12,12,10.872570401,29.891466233,0.795849741452,9.0605595666,-8.48061347008,0.625453793146,1.01767992716,1.25992184245,1.45590811362,1.62177539466,1.76627805433,1.89587368724,2.00310373474,2.07568268448,2.11627811122,2.155616615,2.18173021678,2.19644494253,2.27884549082,2.15765960318,-62.4403152565,-59.1198246574,-297.908184746,-819.025503302,0.81002,1.45014013526,0.75607,1.1312526656,0.806500908462
6,1993.5,1.5,92,19.585127377,8.139322975,64.27554965,-44.690422273,6.639713339,0.300754416,1.836867413,0.701068579,5.115874989,14.958415057,12.139467849,6.747598312,1.71333932,1.243995649,5.974360534,4.383056904,27.050915354,3.194572265,0,1.26503521434,4.87468667591,0.068014932916,0.198296215767,0.416105137112,1.26665965109,0.161256992181,0.457487390425,1.44255891271,3.21816579366,3.87491679439,9.99320702633,2.72461012076,8.28648462022,1.61299018646,4.61652796779,0.357352938952,1.22275361302,0.266073753179,0.872615396585,1.7167385108,3.81644118613,1.15145408705,2.77341643809,3.94053910067,20.360931279,0.587480690025,2.31787638326,0.0,0.0,-0.191706503721,2.17017324836,-96.9859588747,0,0.0656223062891,10.3677242526,12,12,12.092500297,42.009330411,1.21592897991,12.0744466587,-10.3021019463,0.651125596873,1.03730828078,1.27056395576,1.46701186719,1.62965020609,1.76430006505,1.87782575773,1.96671656024,2.02706549436,2.08284347586,2.12662754349,2.15524547282,2.17017324836,2.24992336778,2.13957896066,-100.550025388,-95.6186872382,-540.418944609,-1877.41471547,0.78858,1.31638718338,0.81002,1.45014013526,0.783979712867
7,1993.75,1.75,343,80.553272255,37.23849096,225.208236799,-144.654964544,18.738197429,1.212283952,4.638810504,2.515064159,20.4865276,52.803982101,33.744402694,20.870173155,7.941447228,3.822516906,19.329562362,14.948115617,128.151245904,13.797670363,0,4.05466943473,12.753832407,0.292066670109,0.772688567603,1.34069689611,2.85655459695,0.679677555168,1.56720048168,6.76355620478,11.3732963744,14.7235257049,33.2469507063,8.42339106168,21.9000041685,5.57164314466,13.0798877237,1.95863573402,5.23698753668,1.01672332718,2.36825462078,6.13252208187,11.025513135,3.7143032556,9.64011826188,22.4220325155,90.4036124733,3.45982866444,8.98333572808,0.0,0.0,1.1242353664,2.0608646768,-298.114306752,0,7.69850681058,57.1566617669,12,12,75.347263803,180.955228005,13.9986414538,68.5036083047,-49.4581549564,0.603761623489,0.943815873832,1.15947277734,1.34549445238,1.50518535598,1.64634417456,1.76039069223,1.86170045342,1.9302531542,1.97649349269,2.01596950517,2.04461072589,2.0608646768,2.19344986422,2.01000522109,-317.293412338,-290.757233991,-10899.3557739,-26176.0720911,0.76178,1.16246318364,0.78858,1.31638718338,0.779855344082
8,1994.0,2.0,295,80.481499835,34.560113043,179.958387112,-99.476887277,20.281413317,0.955099921,5.436369971,2.123339131,14.788886377,43.297253558,33.15628102,24.204336008,6.397825113,2.930502395,16.711250067,12.523643586,98.224098083,13.969701458,0,4.63691397082,13.9072723114,0.266095038697,0.572935625892,1.73859216119,3.13528632424,0.593716718797,1.28928430648,4.9586676814,8.07846940687,13.413774188,25.0887522599,9.49059108626,20.2228287953,7.11560576348,14.3022960564,1.70552599096,4.07957103437,0.863288907582,1.71436522889,5.35192524645,9.68644437998,3.48052762439,7.60883608733,23.2404085414,61.4479438169,3.62586691424,8.82410148553,0.0,0.0,0.97348027557,2.13050466175,-211.93597208,0,9.82663435338,36.3591915571,12,12,54.926844525,141.521351641,13.7498174551,41.2251150216,-26.5325572037,0.615814778205,0.984877761974,1.23531862892,1.42937780324,1.58393622162,1.71468982462,1.83081977555,1.93218147474,1.99643840648,2.05225943491,2.08783661606,2.11556063914,2.13050466175,2.18401257742,2.11898211519,-217.258772976,-210.789745014,-5463.95152129,-14078.1035445,0.76152,1.16103098657,0.76178,1.16246318364,0.763928951342
9,1994.25,2.25,205,54.512302413,28.87463474,121.613062861,-67.100760448,8.025296998,0.746631971,2.666747514,1.28263571,25.890886863,22.951295915,17.537725276,11.616339505,4.847702793,2.438858947,7.864867088,9.811179919,82.684326468,6.63550504,0,1.6892601278,5.4837409492,0.206016181418,0.433623845857,0.750432585552,1.66335351817,0.344181441133,0.781780757321,8.77448417899,13.3357352915,6.70930931676,13.6796468336,4.43557934242,11.2210708995,3.47577229387,6.84116778105,1.23605844329,3.16560541657,0.611440481115,1.54218101228,2.64113150554,4.40549636508,3.03641942214,5.49552861434,18.8850469106,49.4310320465,1.71717018341,4.13309953735,0.0,0.0,0.609514898368,2.00410352376,-134.476870461,0,10.1105627317,35.7513852128,12,12,56.793439605,108.575213331,12.1757375939,36.095296755,-25.6408224812,0.549298734726,0.91639576943,1.17080063443,1.34569241236,1.48841489101,1.60488738861,1.71203140153,1.80282046439,1.87372133802,1.91946392798,1.96147164638,1.98725471754,2.00410352376,2.07112301481,2.01227261582,-138.973929275,-135.025022751,-3810.88298595,-7285.47938031,0.77705,1.24855716729,0.76152,1.16103098657,0.742930085718
10,1994.5,2.5,135,36.378259189,17.786876963,80.834863854,-44.456604665,5.631831521,0.475030947,1.642777103,0.875408171,8.845688833,17.656979412,11.777579406,8.2801539,2.500068903,1.702593036,5.616285832,6.495765758,59.458523145,4.041313993,0,1.7790727358,3.23947243929,0.125032042322,0.283019020236,0.459164527334,1.01837295062,0.258043820523,0.498791461143,3.48252007487,4.57809521916,5.17817740344,11.0769755167,3.18906539073,7.5525873222,2.4833895414,4.97846609562,0.607580661406,1.69313801628,0.48247231469,0.991315368514,1.75980860094,3.3049897838,1.88182766666,3.81336775706,13.5082964351,35.467755605,1.18380796799,2.338517269,0.0,0.0,0.191779697668,1.94083780684,-86.2830590978,0,8.33011903166,24.3907800883,12,12,41.801543733,77.115502557,10.0257763602,27.9151682828,-16.0606610566,0.538026307448,0.857838069498,1.08390173683,1.27335421067,1.42052272952,1.54440026375,1.65899490544,1.7468686445,1.8082081466,1.85381486467,1.89731322491,1.92421639565,1.94083780684,2.06085758794,1.93699964859,-91.6187310578,-86.1124276138,-1858.35470412,-3428.29341072,0.74442,1.0690699195,0.77705,1.24855716729,0.689296516245
11,1994.75,2.75,104,28.61579373,13.939266746,61.444939515,-32.829145785,4.325298547,0.380348725,1.464741137,0.975344386,10.205065089,13.421016997,8.774629052,6.972397371,2.814534966,1.320826617,5.364730975,4.955353663,38.352723595,4.672988869,0,1.2169924202,2.595728836,0.108544913679,0.220306406353,0.40383748948,0.90100092082,0.266081638746,0.592627446633,3.62374519141,5.30930770682,3.76195992336,8.0021670867,2.41425812131,5.44451520189,1.98805454725,3.94811274672,0.702487865381,1.85597989008,0.335017933685,0.833456550098,1.74682739238,3.00560402001,1.53239696282,2.75408593666,9.32028786402,23.0185741898,1.1953014678,2.96347256403,0.0,0.0,-0.0691041816288,2.09680181525,-68.8362124751,0,5.55832794065,15.0164071031,12,12,24.931706598,51.773740592,5.69654267261,17.5740589879,-9.45807916245,0.572244102786,0.925329254581,1.18542560561,1.38094179397,1.53112887463,1.66156551599,1.7775133485,1.88049539558,1.95586921185,2.0031913212,2.04621365193,2.08023840209,2.09680181525,2.14988790309,2.09358276221,-70.578983392,-68.7305337136,-818.486630575,-1699.68767773,0.63601,0.558087891755,0.74442,1.0690699195,0.626110751432
12,1995.0,3.0,167,49.342180141,22.041104049,95.616715812,-46.274535671,8.700602711,0.570375799,1.994136381,0.978067791,8.228360564,21.548751353,17.41465023,13.856970309,3.221274245,1.715326778,7.106802739,8.148421623,68.377901381,5.138358077,0,2.78006948762,4.95918178052,0.168824410296,0.325001087577,0.593615675141,1.21490510778,0.292157957615,0.56846447126,2.54664009747,4.73853933547,7.71529730776,11.3108602623,4.70923232399,10.7531743483,4.60935434271,7.56870722141,0.991659421192,1.90953620038,0.528567447896,0.979287693344,2.40712751972,3.90908833952,2.56471656098,4.66504967675,18.0636449529,39.5733182989,1.37127262984,3.14160197976,0.0,0.0,0.404498731647,1.98876278954,-92.0290746458,0,10.3483476451,28.2624580366,12,12,46.829150028,89.926652734,13.3544126289,28.8201439506,-17.9141103915,0.550648278854,0.904672722031,1.15671856418,1.32499742541,1.47185130544,1.60484544286,1.71806240661,1.80540965783,1.86716538114,1.91021514146,1.94809461141,1.97269304587,1.98876278954,2.04944197995,1.9871339665,-94.8369760067,-91.9537016158,-2166.99717341,-4161.31409971,0.64871,0.613373682379,0.63601,0.558087891755,0.680759806662
13,1995.25,3.25,215,70.731492731,28.135424673,116.133082597,-45.401589866,5.300883912,0.745014125,2.902535432,1.504828477,28.320075098,23.209701011,15.104666226,12.760684442,3.362361288,3.15041823,15.722536238,12.24388131,83.65757748,7.014836774,0,1.56224376907,3.1009482477,0.254064042477,0.394026418649,0.924324767888,1.68734605421,0.535006116368,0.795208121412,11.2750855267,14.2298011996,7.71625715445,12.3915687854,4.09905660358,9.34919554257,4.30675740299,6.82863292041,1.04695569862,1.93282959554,1.07761864326,1.72793387768,6.38810623241,7.55764473648,4.8357764948,6.02007268434,24.5685734881,46.0490330811,2.14166680405,4.06884135215,0.0,0.0,0.657142947357,2.02560171056,-91.9655380947,0,13.2934879615,31.8192318815,12,12,55.337502382,111.977652578,16.8523163337,33.6574642957,-18.5257439201,0.565507715763,0.926966932851,1.16457303522,1.36342405548,1.52329492068,1.6637518882,1.75793064815,1.83290458299,1.88622042831,1.93583924034,1.98156818394,2.00947551592,2.02560171056,2.06782125858,2.02330178105,-93.882372698,-91.8611176384,-2512.41058736,-5083.9634565,0.72538,0.97130733158,0.64871,0.613373682379,0.728580830196
14,1995.5,3.5,81,22.766921197,10.467270927,47.76580787,-24.998886673,3.775168403,0.291230285,1.166755123,0.695020224,7.839378524,12.203131281,10.553343372,6.77470061,2.525537869,0.894503452,5.028879045,4.609868724,19.892182974,4.75030013,0,0.884225554869,2.48760810786,0.0858463338542,0.167525348285,0.377835118598,0.657870168319,0.211402971531,0.397822231203,2.79034696322,4.18109761169,3.78041755025,6.69459307278,2.41006502331,6.99484981289,2.07173675441,3.6794073138,0.71748553437,1.48755833414,0.235358582365,0.545280400734,1.49623054713,2.96947565876,1.47841553297,2.63682988656,5.06244608126,11.8810005647,1.16510865467,2.98488936528,0.0,0.0,-0.319045926098,2.25399006193,-56.3472421202,0,1.28202853101,4.88615075185,12,12,7.689051693,32.095314255,2.27209911803,5.18640749196,-3.60412222083,0.664169454465,1.0593363232,1.32659699719,1.53319087191,1.68996615786,1.82606917389,1.94732326484,2.04852282681,2.12513685857,2.17061866444,2.20770573512,2.23821301276,2.25399006193,2.26903504942,2.25108687822,-56.7233500574,-56.2746657596,-192.217731896,-802.347123795,0.76137,1.16020520686,0.72538,0.97130733158,0.740927605165
15,1995.75,3.75,75,23.613785533,9.907344402,41.478870068,-17.865084535,2.201347375,0.264735134,1.42745134,0.578492571,7.683973154,12.443501144,7.782356789,6.592636765,1.769361864,1.038783472,2.901028609,2.701738817,24.533424113,3.081168851,0,0.631838440128,1.29649252078,0.0969700497545,0.131567382786,0.631626238061,0.655053653159,0.206541659586,0.309040604062,2.58823720383,4.19911585307,4.01173028151,6.81721006088,1.88796454532,5.05444732247,2.31465054545,3.37211710231,0.520619063206,1.04027597286,0.381745157878,0.544486182254,1.11331886941,1.42640235749,0.795763593685,1.57589992797,7.69517546695,13.0750549888,0.737604416654,1.98170613968,0.0,0.0,-0.396006967234,2.10657093387,-37.6340678126,0,3.68344518543,6.25784492792,12,12,12.089922969,36.976925257,5.10693826312,8.02060766632,-2.57439974249,0.638700667085,0.98962085869,1.26124630311,1.47039698065,1.59480495107,1.7060015131,1.80555211656,1.88856838274,1.9576918979,2.01564790928,2.06110991989,2.09049532967,2.10657093387,2.1135825834,2.11641915243,-37.7593315241,-37.8100070697,-215.987495863,-660.595895561,0.77127,1.21549623817,0.76137,1.16020520686,0.759023486759
16,1996.0,4.0,145,45.080082179,21.065982534,78.853935287,-33.773853108,3.985095963,0.475829412,1.682610717,1.082903572,7.846354163,21.175198382,16.729488607,12.885239121,2.72759098,2.356982967,7.020607298,5.558845309,56.837291965,4.635961573,0,1.41981895614,2.07006924803,0.157082194919,0.248040156595,0.531162690316,0.954564553049,0.43120843338,0.520319180211,3.24120211604,3.4023403926,6.93502820607,11.5813538558,4.23612835913,10.7444389681,4.01381044952,7.06482056164,0.84646452266,1.50782648657,0.747767459975,1.2788571409,2.89553010308,3.34505486799,2.15136923535,2.72852519814,16.1647316134,30.697253748,1.30877784429,2.71047094798,0.0,0.0,0.26323866165,1.99941169854,-67.5278370088,0,9.2297034073,19.1158998922,12,12,35.662093583,78.012490347,11.9286032542,19.9528147799,-9.88619648485,0.584679362265,0.947603934691,1.20052458768,1.36725168078,1.50840076127,1.62155572927,1.71641154038,1.79816679792,1.85932996816,1.91301857555,1.95438753925,1.98387698385,1.99941169854,2.0749116812,1.98140653168,-70.0777623328,-66.9197331482,-1204.4463102,-2634.78238957,0.7996,1.38379623342,0.77127,1.21549623817,0.781867741316
17,1996.25,4.25,96,30.896930381,11.637282255,53.465787365,-22.568856984,3.084253996,0.334872695,2.317998317,0.661464748,12.697944938,12.766679773,9.719439889,6.177713477,2.53979437,1.588344325,7.028728239,4.348334396,29.285026528,3.449404322,0,0.918307789344,1.76461950658,0.114957097969,0.17976188575,0.825164524113,1.24576712483,0.225043829341,0.354803447608,3.59812865258,7.17602071285,4.6330092139,6.88546332077,2.75070333364,5.96468335189,2.23347424212,3.28893517369,0.758229587681,1.53826937505,0.477226434818,0.956907398576,2.37129607441,3.67930219806,1.4438379773,2.38385457487,9.46716489381,16.0833228409,1.08038673402,1.96407646221,0.0,0.0,-0.149146889302,2.17591712753,-49.1079624603,0,4.83415567991,8.90730212809,12,12,16.518346755,42.051706301,5.86903624123,9.19785952017,-4.07314644818,0.613879478085,1.01309878692,1.28439002117,1.47947245655,1.63943220288,1.75981407456,1.85786964852,1.94430686393,2.01739339549,2.08355834483,2.13370225712,2.16023261751,2.17591712753,2.17336833895,2.1819923593,-49.0504392153,-49.2450734972,-372.800205526,-949.05894544,0.80574,1.42256364185,0.7996,1.38379623342,0.765156613496
18,1996.5,4.5,109,25.500955421,14.296318392,69.202726187,-43.701770766,2.438678278,0.323258737,1.317585686,0.650642621,7.939694582,8.687121091,11.286827154,7.019187162,2.578648356,1.370464235,4.009923356,5.100185221,53.482630928,2.79515256,0,0.515399270682,1.6143992815,0.0844537465669,0.195059087385,0.382493746851,0.779153817547,0.161646390367,0.403658303251,1.89608544451,5.04831415679,2.4845412928,5.12982825074,2.68070592578,7.31098753779,1.89687388326,4.19020383528,0.670609269122,1.60123585177,0.265394750852,0.966194350814,1.16775641429,2.30896308252,1.34850504127,3.1275489237,11.3047086666,34.7498856887,0.641781579637,1.77729398529,0.0,0.0,-0.0221471985411,1.84172758112,-80.4867565635,0,8.62400274079,27.4388981509,12,12,42.195803774,64.769458082,8.82016737377,29.6200574379,-18.8148954101,0.462579534471,0.771321720419,1.01573632621,1.21237213844,1.35791857295,1.47356231401,1.55973611827,1.6377755187,1.70992036455,1.75665090303,1.80109400982,1.82692220164,1.84172758112,1.93619325689,1.81600113974,-84.6150738711,-79.3624655197,-1844.03134382,-2830.54000974,0.73068,0.998075343731,0.80574,1.42256364185,0.736529008954
19,1996.75,4.75,91,22.547898625,10.95651812,57.495583264,-34.947684639,1.939089933,0.304094853,1.182338434,0.778685226,17.737223005,10.401277654,10.22945216,5.798027338,2.309179776,1.203201811,3.94133295,3.551370942,27.376293263,4.248432655,0,0.461643759574,1.27393144776,0.0793764006852,0.189788970643,0.371279428404,0.705860393207,0.200682773874,0.492679066732,5.19418936096,10.2062808844,2.87670190339,6.38264874208,2.16019951747,6.97971692478,1.6279800476,3.56834621169,0.601772536683,1.50039110294,0.274809908083,0.802200203864,1.22878599456,2.29622599063,0.901297562477,2.27700505911,5.39585157758,18.1741648731,1.17332785618,2.6463433913,0.0,0.0,-0.202635574253,2.10337741171,-73.5081704612,0,0.201662216623,7.96788398873,12,12,9.639070258,45.113516268,2.51914967419,11.1944479483,-7.7662217721,0.670144407261,1.02695873614,1.29946150398,1.4754590479,1.60872373493,1.7260410147,1.82869070503,1.9034326803,1.9675698482,2.01267267345,2.05622434893,2.08796670093,2.10337741171,2.15820355953,2.094441745,-75.4242173851,-73.1958895989,-336.86318759,-1576.61293949,0.74176,1.05513635563,0.73068,0.998075343731,0.72517208451
20,1997.0,5.0,111,31.242399787,12.242455806,67.515144398,-36.272744611,4.750884965,0.327303771,0.974290785,0.747558351,10.206995628,19.800779324,21.175611901,12.20976727,2.614977153,1.21317792,5.436036114,4.867599983,21.283769218,5.391247631,0,1.1611424484,3.18430656626,0.0955771653293,0.197164224485,0.339326905686,0.549877193973,0.241181721984,0.436244401406,3.71541893652,5.2576641955,6.16055994213,11.6211829803,4.68175388225,14.257515667,3.29880309881,7.67171943135,0.62630542975,1.73842328093,0.323929534577,0.744618982913,1.59631681853,3.32585073075,1.62181221868,2.69570300282,6.01126608099,12.3393915499,1.36900560755,3.49548219882,0.0,0.0,-0.00396487945788,2.19920035795,-79.7710329324,0,0.149293861136,1.91812411703,5,6,0.108157317,42.459381119,1.47880605988,2.63633268663,-1.7688302559,0.693143936156,1.09807917206,1.36421432246,1.56777174181,1.70105637995,1.82211787915,1.92781485872,2.02480225279,2.08988456413,2.12776816533,2.15961932077,2.1855202376,2.19920035795,2.20737204125,2.19475352211,-80.0674423136,-79.6097339916,-3.92316273735,-1540.11828767,0.74662,1.08066601605,0.74176,1.05513635563,0.728776322786
21,1997.25,5.25,111,29.403458846,14.547107152,67.049433994,-37.645975148,3.401021677,0.327059943,1.100780501,0.752561151,16.746347848,15.700697109,13.228809869,8.765597082,3.786043238,1.074576112,7.370050409,5.001964851,29.092422036,4.652068172,0,0.902162654363,2.12385940062,0.0930380552312,0.188194767889,0.340453119936,0.655092131115,0.202653630989,0.465460720314,4.33925638648,10.2361874017,4.76534139234,8.95038288822,2.565252916,9.19917649451,2.6112564911,5.00769179363,0.741560372471,2.63762708176,0.274273713096,0.673713864789,2.71451919391,3.93377548776,1.6117630759,2.67116608824,7.14059445621,17.2410638274,1.10133338905,3.06604204325,0.0,0.0,-0.00396487945788,2.1833358713,-82.1938079505,0,2.37525306388,7.00487642567,12,12,12.346074188,45.838769884,2.80133806974,8.04188733285,-4.6296233618,0.656424209826,1.05685276087,1.3365704086,1.5321100089,1.6892814112,1.80598912955,1.90979938057,1.99645365544,2.07357712965,2.10912771258,2.14347842867,2.16961688399,2.1833358713,2.19843337631,2.1861941614,-82.7621682492,-82.3014110688,-464.780002057,-1725.64519187,0.7484,1.09009706957,0.74662,1.08066601605,0.733891577618
22,1997.5,5.5,67,17.321256561,6.829356444,42.849386992,-25.528130431,3.038791609,0.201170797,0.67243624,0.617913048,10.823146559,7.424632287,8.19306186,4.884134016,2.361320171,0.81141809,5.59869384,3.272756462,15.735495312,3.365029699,0,0.685621035177,2.13379640607,0.0556137675918,0.125512151113,0.253764093237,0.364653323888,0.155681273209,0.405363828577,3.29718696411,6.45823429549,1.78391839395,4.9157436195,1.3930425202,6.12283444648,1.45802936218,2.83531277072,0.490629014006,1.63285425468,0.193866128967,0.545571741739,2.11486987452,2.96043338833,1.10037281064,1.85287223441,3.58245967842,10.1957849933,0.756201640372,2.30041953328,0.0,0.0,-0.508802461379,2.25000651279,-57.4384597292,0,0.285272714308,3.73755069783,12,12,4.912348753,26.558641871,1.4675898039,4.07295054684,-3.45227798352,0.675942752732,1.06272557773,1.34097766351,1.54511623268,1.7106612215,1.83505551184,1.94730365501,2.04718947273,2.12912152324,2.16944949155,2.20414474045,2.23628333912,2.25000651279,2.25712614705,2.24159006252,-57.6202106812,-57.2236034889,-125.403079689,-677.992473753,0.74902,1.09339243075,0.7484,1.09009706957,0.742051004634
23,1997.75,5.75,67,17.355486948,7.195863179,42.448649871,-25.093162923,4.715750437,0.191251237,1.333184621,0.433195562,6.596971548,8.859457958,9.483859086,3.995352177,5.443538008,1.042857176,6.438748376,4.61619739,10.249656325,3.599980107,0,1.24635420339,2.9968948973,0.0508217530184,0.118858870537,0.426788573137,0.801558629753,0.106178308742,0.285625642487,1.96912349991,3.76389313785,2.46444978102,5.45754769267,2.00882218442,6.46247833247,1.03711255214,2.42161699269,1.23216524448,3.76796726524,0.256127615915,0.69489488733,1.96551656066,3.83707590895,1.45291045887,2.60656669475,2.31325263654,6.78853842567,0.825863577268,2.44513249942,0.0,0.0,-0.508802461379,2.3771696231,-59.6507046481,0,0.151197144478,0.326060093197,5,12,0.765797239,19.733515411,0.455627596597,1.330990733,-0.174862948719,0.692394002368,1.09683603085,1.37374483376,1.59199288868,1.76604284838,1.91020977492,2.03711937039,2.14592751144,2.24174125563,2.29561143881,2.34038685051,2.36434412325,2.3771696231,2.38840444066,2.36916291968,-59.9326217556,-59.4497911347,-19.2162748842,-495.176317252,0.74922,1.09445660459,0.74902,1.09339243075,0.753603235698
24,1998.0,6.0,75,22.64038694,9.038199507,43.321413563,-20.681026623,3.228236665,0.2564053,1.413199747,0.540399104,10.56851457,9.149041397,5.542044611,3.520045508,3.841073005,0.939489458,5.432197922,5.847647656,21.772822977,2.948882076,0,0.939905225285,1.92551301209,0.0857801301365,0.138472099079,0.487482783914,0.768517253344,0.168073879642,0.310972331192,3.72176905252,5.64205703334,2.74394834579,5.4990499632,1.31516966355,3.64929047775,0.966290195044,2.13042893435,1.02090113546,2.46869936308,0.249246871632,0.584494574828,1.7195942306,3.09173642516,1.73358372217,3.42529410108,6.73856159091,11.8829277488,0.750080118094,1.80396023761,0.0,0.0,-0.396006967234,2.2164620204,-45.8387100527,0,3.01679253838,6.24087071545,12,12,11.204308407,32.341337547,3.99461324511,6.38387778559,-3.22407817707,0.63187506812,1.0200929593,1.26798026513,1.47060289706,1.64338772081,1.77371812594,1.88762782817,1.98832932501,2.07796586756,2.13314337183,2.17403504338,2.20116107994,2.2164620204,2.18024663311,2.2453098028,-45.089738664,-46.4353118085,-231.716600457,-668.852062833,0.8063,1.42614531128,0.74922,1.09445660459,0.772763102582
25,1998.25,6.25,160,48.013454343,17.181530173,94.805015499,-46.791561156,8.006763528,0.528481197,3.817141977,1.136902133,12.201602812,24.839849387,18.694330558,10.327505883,6.85746717,3.007364773,15.019835325,10.304892504,38.054062273,7.203800448,0,1.95994744091,5.32499862382,0.170753628861,0.296065570346,1.15108702392,2.36044710493,0.374421716474,0.651156468537,4.38350996338,6.54936273478,7.75003043482,14.6655220459,5.63010781613,11.3387653761,3.13444366945,5.99353982628,1.74345194304,4.58167881319,0.761275703402,1.9695299944,5.19278258419,8.46584716221,3.44758707604,5.90479972882,10.5581032903,22.0166008594,1.75595204835,4.68670116827,0.0,0.0,0.361678734464,2.29578813903,-107.423511108,0,2.80807285543,7.3510788135,12,12,13.214212886,62.89391166,4.92799547412,10.6778354833,-4.54300595807,0.670910177219,1.0554076107,1.3234057313,1.52596312097,1.68848597348,1.83188147726,1.94730186593,2.04825285119,2.13986438152,2.2026230736,2.25488366838,2.28115544231,2.29578813903,2.29015512906,2.31101566197,-107.159933778,-108.136030679,-618.313650384,-2942.90431378,0.83455,1.61822362306,0.8063,1.42614531128,0.772789947636
26,1998.5,6.5,123,32.570036828,14.876424251,75.553538921,-42.983502093,5.977309281,0.382827623,1.943158835,0.921419707,10.102602055,12.652233121,11.490814205,8.033837618,5.136986874,1.864534191,8.539765478,7.562422076,43.10989156,5.282197376,0,1.67350871756,3.5540462148,0.120330722111,0.216959241088,0.706477385851,1.08336494925,0.256628275833,0.568232323599,3.80761174615,5.043666827,3.76293560437,7.60990016866,2.67469728048,7.78187766304,2.00247872009,5.05161086072,1.22483886067,3.50056671689,0.456230057281,1.14205492031,2.69832686131,4.90691557915,2.4015702307,4.04141645838,9.54417991321,27.6647856518,1.24022245012,3.38814135047,0.0,0.0,0.0986892746022,2.1614930369,-92.9085404754,0,5.73656816705,19.8829079887,12,12,30.457658439,55.762124681,5.78124430884,20.0548854831,-14.1463398217,0.535499116703,0.901250616749,1.17107257219,1.37845189864,1.55262575453,1.7020940285,1.82216410713,1.92592737523,2.02114905964,2.07129589907,2.11878445202,2.14710215802,2.1614930369,2.23737929784,2.13211655727,-96.1703977315,-91.645836502,-1309.17682526,-2396.85140294,0.79682,1.36653652069,0.83455,1.61822362306,0.760307305231
27,1998.75,6.75,129,29.237378603,14.214779838,85.54784157,-56.310462967,8.723056611,0.440519737,1.389329928,0.85720169,13.066983715,17.656321443,10.940022293,20.772836774,3.557482901,0.939683653,5.088494053,7.54815179,33.481783522,4.538131874,0,1.73160171453,5.93551120999,0.109440334761,0.278714297362,0.446435940431,0.777428629946,0.195786904366,0.575601662785,3.14932769763,8.59909031326,4.4711020352,11.3444625319,2.08114858249,7.84735992878,3.78460084255,15.1286265576,0.874979778279,2.26895884122,0.254185700164,0.587216288444,1.83169506228,2.52695812836,1.69306354682,5.02488862655,7.50619764481,21.7252744228,1.10781281133,2.92775012448,0.0,0.0,0.146317323591,2.18744677382,-123.176140549,0,3.03509560961,6.59664786517,12,12,12.708946748,54.254620296,3.72159680226,10.3808118908,-3.56155225557,0.66545492436,1.0594368056,1.32571983817,1.52942582404,1.68883432355,1.8217557325,1.92127976618,2.008821281,2.08086849802,2.1184301178,2.14631692349,2.17205985243,2.18744677382,2.22351150147,2.16908581732,-125.20696206,-122.142226588,-715.646675203,-3055.10278697,0.78434,1.29113950636,0.79682,1.36653652069,0.755079863958
28,1999.0,7.0,205,68.893607059,23.700831687,112.405561254,-43.511954195,9.732724092,0.667699469,3.118989327,1.386342767,43.671827362,31.489951342,17.328227982,17.728407013,7.019126797,2.219162832,7.314000516,8.021646593,48.108373928,7.193519995,0,2.88289903259,5.85858122798,0.244525207408,0.343159230137,1.25122867342,1.59399563723,0.448260385032,0.78913176404,14.3927547411,24.785147173,12.3006843314,15.5507229803,4.93775753691,10.6405305394,5.649926194,10.1086943637,1.67398010748,4.75309807809,0.707888389493,1.30522182494,2.67607313835,3.87134773125,3.02842978255,3.96327610645,16.3111307124,24.8250139643,2.38806883599,4.01764063638,0.0,0.0,0.609514898368,2.16650567831,-94.2688958377,0,1.91837597135,0.0398667912525,12,12,4.436546566,91.78020129,4.01044638104,9.27429098399,1.87850918009,0.691978404417,1.0834580855,1.32542713832,1.52571990893,1.65854612037,1.76820628809,1.865254368,1.95555874074,2.03953317929,2.08796806344,2.12539064325,2.15160885393,2.16650567831,2.14566070589,2.18568156822,-93.3618903527,-95.1032762811,-193.042810964,-3993.53591454,0.72033,0.946099103662,0.78434,1.29113950636,0.756400294189
29,1999.25,7.25,743,172.645786134,104.720070242,465.634143653,-292.988357519,25.523038339,2.22861561,15.154506062,5.327886688,43.521297028,73.593959586,41.951249919,43.762809815,21.813170744,10.663834787,42.158322636,43.911654738,347.574444425,25.815209564,0,6.00018377604,16.4359523274,0.579874700177,1.32496738072,4.52733455492,9.06473094549,1.47238890281,3.18740183348,14.9797165366,23.7370445796,19.9972054877,45.3645060979,9.54496604462,27.9548358927,10.4831693363,27.9339986241,4.59048812252,14.8577100279,2.51454778132,6.84919016979,12.8050707225,24.1781359668,11.6211607187,26.9726787056,67.6348188323,221.29400951,5.89486061595,16.4789815437,0.0,0.0,1.89720096395,1.93891590488,-568.079786339,0,47.6376133446,175.929503412,12,12,273.980484839,421.168404011,52.6551022957,193.339173617,-128.291890067,0.463319337312,0.732214607088,0.962435867486,1.16241110563,1.33597277233,1.49084994582,1.59742338333,1.69678720363,1.78193136467,1.84622921792,1.89524024407,1.92426779212,1.93891590488,2.07901675902,1.92415405154,-609.12770548,-563.754735174,-80273.0922452,-123397.43893,0.74632,1.07908083242,0.72033,0.946099103662,0.770789630268
30,1999.5,7.5,393,92.921322072,43.405719754,256.672958181,-163.751636109,21.971381767,1.144109938,7.947884343,2.864113768,31.749100646,50.139628029,44.700847676,31.001568049,9.765988451,4.754326187,23.135158068,20.841751651,126.900862162,16.083279283,0,5.33180661024,14.5141752397,0.29644547918,0.71878194666,2.29390517619,4.99834097538,0.685964458803,1.87642803882,10.8342100392,17.6501729315,13.1739303242,32.1402037632,9.52114939144,31.2635100468,7.83401899934,20.2209546419,2.24860300742,6.59362039543,1.24762103278,3.06463005733,7.01553901659,13.8175762734,4.84923830399,13.8386805951,23.7792196087,85.3086031792,3.80967062674,10.6672801102,0.0,0.0,1.2603145311,2.17006628241,-355.351904209,0,10.6052892845,53.168399416,12,12,76.761234133,177.040490191,12.9450095695,54.0450931324,-42.5631101316,0.595959494421,0.978418806871,1.23312600835,1.4431101544,1.60148043662,1.73963926225,1.86169273694,1.96008717814,2.02959749859,2.0883081259,2.12876425106,2.15643801868,2.17006628241,2.25627283797,2.15241244241,-369.468368726,-352.461059026,-12569.777679,-28990.6699263,0.72445,0.966643645937,0.74632,1.07908083242,0.715393250639
31,1999.75,7.75,242,63.235491297,27.911442457,150.853066255,-87.617574958,13.361354469,0.703017994,4.777219919,2.119220674,36.502491301,29.521673532,23.435051554,14.921506128,7.958045809,2.918061984,13.064261889,13.066085823,69.22249606,10.42951283,0,3.60879316992,8.51736434649,0.204241112186,0.413983611817,1.80985461057,2.57583566447,0.596491594372,1.29971914302,13.5054341692,19.0609327248,8.48150687316,18.1811618492,5.17965766704,16.2970566604,3.60993329444,9.92111261603,1.80018077352,5.42789237105,0.707797541837,1.94473891197,3.78569521864,8.04024458491,2.94154492054,8.74274789508,14.5870712725,43.6292540123,2.41728906782,6.80102184765,0.0,0.0,0.775442645386,2.20998476217,-193.633505556,0,1.08163710323,24.5683212876,12,12,32.720004759,105.724987361,6.10556439929,25.4480921631,-23.4866841843,0.644462196577,1.02851151852,1.29528882704,1.47702673692,1.62888268934,1.7638459326,1.88625880048,1.98680609676,2.06815018045,2.12522664163,2.16518213288,2.19649564523,2.20998476217,2.22120491841,2.22029650354,-194.616588436,-194.536995328,-2866.8474696,-9263.36700504,0.6946,0.821713747525,0.72445,0.966643645937,0.721795712913
32,2000.0,8.0,435,96.692803165,56.847532514,281.459664312,-184.766861147,24.483943428,1.254426273,8.174190514,3.362973394,22.598817794,46.808370618,31.05778804,21.57051099,14.567791339,5.814189962,22.796217211,34.644018554,181.624982374,16.241779484,0,5.21155007287,16.7352462208,0.303674277395,0.7853136814,2.3050095711,5.05981163197,0.813432723195,2.14243633789,7.51596659814,12.416084225,11.9853015495,29.634066438,6.96666375556,20.9260782256,4.72133187863,14.3527525529,3.05721071272,9.96973134536,1.26841441286,3.96528457445,6.77372330228,13.1875622262,7.95582568348,22.5050940282,34.3941590678,118.772069652,3.42053955854,11.0081331542,0.0,0.0,1.36185095032,2.03692068112,-376.355440657,0,22.4088575183,89.1380032138,12,12,134.816611756,228.433352992,26.4383333843,96.2669756237,-66.7291456955,0.507134794958,0.829933602861,1.07949581962,1.26753577188,1.4281047161,1.57210364432,1.69981007448,1.80038022897,1.88905952332,1.94780685134,1.99306022076,2.02300890472,2.03692068112,2.14278799714,2.02791306545,-395.916212335,-374.691131782,-24909.6421846,-42206.9136136,0.74228,1.05785280621,0.6946,0.821713747525,0.733069738335
33,2000.25,8.25,462,120.815854286,54.866121251,286.318024476,-165.50217019,19.849197935,1.412910314,9.615188047,3.574658817,33.094829436,39.555424462,31.356709008,28.173771317,13.21089881,6.425336906,33.851683297,84.890963057,140.696897604,16.29153097,0,4.95251753606,12.5370138078,0.407371759855,0.834543869841,2.99859017047,5.74590258651,1.05467899299,2.11326708908,11.2200625954,18.4228308414,11.2504553604,24.2623004725,6.74756319841,21.5282657652,6.59502882692,18.7065900777,3.29630189926,8.5549081647,1.60964584243,4.13627401311,10.3980412089,19.6336632072,21.9081394515,54.4814144911,34.2371740501,85.0482730056,4.1402833847,10.3127770773,0.0,0.0,1.42206981031,2.16751723866,-358.728806922,0,12.3290345986,30.5668585146,12,12,55.805934547,225.587860661,22.9867186897,60.7859725331,-18.237823916,0.662228749687,0.984727028406,1.22642935738,1.42853504323,1.59912285568,1.7427119077,1.85194327085,1.94322250197,2.01960449715,2.07971408844,2.12439054006,2.15334213814,2.16751723866,2.19433217498,2.17305920248,-363.166737077,-359.646013962,-9236.00327701,-37335.2805079,0.76612,1.18653065213,0.74228,1.05785280621,0.760811894669
34,2000.5,8.5,200,47.945641424,23.202290502,128.852068081,-80.906426657,8.308474498,0.649947585,3.053151302,1.697944639,16.404256677,21.176225779,18.953025809,12.523695833,7.351947495,2.300290178,13.979912261,23.849045238,59.983189276,9.768893435,0,2.17439847601,5.23291902253,0.176799654584,0.395419603465,0.895329546323,1.84552693618,0.467977796798,1.05346641789,4.81976184016,9.58612689214,5.06242651554,14.1121477049,4.03238496905,13.3897809594,2.94555839415,8.29671733449,1.38557140638,5.28319620825,0.616365520098,1.43942965783,4.18117416124,8.2585888216,5.35535115755,15.5199756875,13.6877882556,37.8540214486,2.14475373456,6.58475138648,0.0,0.0,0.584822285778,2.21575431658,-179.268764104,0,8.33243709802,22.3340457611,12,12,36.134144038,83.832234514,8.62536174004,23.7418737437,-14.0016086631,0.597139852071,0.979417337469,1.25736699939,1.47105889518,1.64168417967,1.78498662995,1.90011611839,1.99804373805,2.08393849339,2.131870004,2.17045908624,2.20104434553,2.21575431658,2.24121974639,2.2194297636,-181.329081033,-179.566131389,-2923.48447442,-6782.5665332,0.72711,0.980008989244,0.76612,1.18653065213,0.776926811274
35,2000.75,8.75,147,32.267875975,21.00033475,93.731789271,-61.463913296,6.555032665,0.476232867,2.236524514,1.080879677,10.219463333,14.509451003,11.869201768,10.605976122,4.405815205,1.851351813,6.351535177,14.69603968,55.872896179,6.269599999,0,1.5287550784,4.17157560961,0.111833512978,0.2979718604,0.538943943901,1.46833413879,0.258510099477,0.668467900536,2.97689025705,5.94940052657,3.37684453028,9.48165268825,2.17245028574,8.46084068571,2.0614014825,7.27379634175,0.976349321958,2.94720850258,0.418984205386,1.17833399925,1.69218612633,3.8530356858,3.06937722745,9.5974312992,11.7549228219,34.3370107948,1.33042708031,4.04672924071,0.0,0.0,0.276937506009,2.09226458465,-128.598769023,0,8.3780782916,24.7395794956,12,12,41.176856499,70.568935859,8.68554559442,24.8553581066,-16.361501204,0.511629914814,0.881120269172,1.14498248628,1.35409499855,1.53160309221,1.65730951034,1.77114158786,1.87595636928,1.95626634848,2.00607641606,2.0487365917,2.07718883231,2.09226458465,2.12454920249,2.1112585088,-130.583107975,-129.76620993,-2530.89073766,-4337.44295503,0.71037,0.89718171475,0.72711,0.980008989244,0.705912541401
36,2001.0,9.0,127,34.515572836,16.211684556,76.272742613,-41.757169777,4.414597483,0.385933425,2.274143315,1.010451579,11.734071643,16.003358172,14.545111418,9.787513605,3.992360612,2.026256925,7.55386394,9.439160688,37.466984402,6.366192728,0,1.10951964163,2.75809480561,0.109267140283,0.228731587652,0.690767319691,1.39183661438,0.276423115752,0.60114356074,3.1985898442,7.02798642922,4.96913773084,9.28442317225,3.3307406688,9.75731837601,2.97037553054,5.71910892829,0.911635151534,2.65150258502,0.47552980017,1.33984781041,2.18095934761,4.47236128702,2.49549500371,5.60926584493,10.3100949365,21.4319218192,1.48703758985,3.99919974743,0.0,0.0,0.130692005688,2.21765783036,-92.6031145296,0,5.34095720564,11.6746034432,12,12,21.46362623,53.470342574,6.97935426768,12.147498647,-6.33364623755,0.61026500937,0.99877306295,1.26952687516,1.47582721567,1.64986507059,1.78885805328,1.90490081005,1.99355915455,2.07267069573,2.1262836014,2.17455983875,2.20370633648,2.21765783036,2.19769188371,2.23937104025,-91.7693931058,-93.5097967216,-896.260284516,-2232.7701729,0.73468,1.0184983856,0.71037,0.89718171475,0.726647872231
37,2001.25,9.25,114,29.152598139,14.216242352,70.631159507,-41.478561368,6.292339674,0.355258276,2.07593668,0.815214052,10.769527957,12.751174235,8.96133851,8.474577143,4.224578413,1.068258341,7.085203005,14.404636448,31.901351368,4.820605882,0,1.13805235559,4.42729251131,0.0970768353532,0.213416904464,0.625832951526,1.2792035059,0.21541453998,0.498070112552,3.51327524893,5.66880356821,3.31295285147,8.0771551505,1.97411570257,6.17164129331,2.0972835061,5.41446381331,0.864197881541,2.91883296408,0.274945281907,0.671017042722,2.23726482939,4.08359677578,4.13292192862,8.59497207904,7.55978203354,19.4743404322,1.10948218904,3.13835334341,0.0,0.0,0.0227033676243,2.23729334934,-92.7997094889,0,3.42686010492,10.8793683532,12,12,17.49671492,46.305987816,4.04650678462,11.3971852817,-7.45250824825,0.619958115186,1.00778699835,1.28233439296,1.4907455311,1.66466970399,1.80628578397,1.92720545767,2.02479722706,2.11000835881,2.16325469098,2.19631511791,2.22312532655,2.23729334934,2.23479943395,2.24963645408,-92.6962654664,-93.3116837162,-725.738563548,-1920.70575733,0.71856,0.93732992835,0.73468,1.0184983856,0.72142646822
38,2001.5,9.5,91,26.390513098,12.005155341,52.604331558,-26.21381846,4.367246504,0.266578049,1.389605416,0.621943639,15.045752328,7.745961467,7.902079355,5.957248887,2.430808529,1.060622589,6.43460039,3.757375561,24.7606666,9.259510688,0,1.19835420548,2.59309772087,0.0789021553805,0.152000591421,0.408518869014,0.846489021357,0.196809615765,0.350096238457,6.04828689331,7.52385187243,2.12946296077,4.67629701746,1.79131522708,5.29761854396,1.72580158118,3.52845008241,0.60377437347,1.63250245242,0.290691454537,0.645077595241,1.98517501695,3.65747424235,1.09357053872,2.14223497166,5.9741174868,14.197589622,2.86573272044,5.36155158738,0.0,0.0,-0.202635574253,2.21297727374,-58.01058451,0,0.0741694065105,6.67373774954,4,12,9.714914272,39.806418928,3.18255417287,8.83603803459,-6.59956834303,0.663063095907,1.02228801901,1.28310194106,1.49583816417,1.66410833097,1.80756568211,1.91966574613,2.01575312951,2.0866162645,2.13445581215,2.17331870465,2.19940794242,2.21297727374,2.2005457338,2.23447662779,-57.6847063788,-58.5741646739,-254.664999081,-1043.47823932,0.71263,0.908191767577,0.71856,0.93732992835,0.718675132629
39,2001.75,9.75,89,27.875419628,10.959535121,50.165045251,-22.289625623,4.147647599,0.248709692,1.478240673,0.64083709,17.73191839,8.825555819,7.950936798,14.877285893,1.921434436,1.071333749,6.31592919,2.756785768,17.017841239,4.015543657,0,1.17716092221,2.55834816837,0.0835586431889,0.132782016036,0.483688035947,0.844076160217,0.211036378939,0.353466698886,6.59356777828,8.73711860026,2.96399706858,5.00801826323,1.99118939654,5.06333624508,3.91956816822,9.49181699004,0.648016047135,1.05256445389,0.299807617522,0.633761835223,2.25626992648,3.31311072601,0.869340626982,1.52965081674,5.22867966846,9.05023178143,1.14953934656,2.39676249321,0.0,0.0,-0.224858711038,2.21579836396,-49.3893159887,0,1.36488810982,0.441585208613,4,7,0.714077151,34.749759629,2.67399961005,0.754698389786,0.923302901206,0.692936032431,1.09588573232,1.35483826636,1.55901442334,1.71880532559,1.83607119581,1.94238979092,2.02325458485,2.08527136783,2.13591136062,2.17564292791,2.20273139319,2.21579836396,2.19527006698,2.22850459978,-48.9317479344,-49.6725332283,-15.9165123617,-774.55913262,0.7106,0.89829986939,0.71263,0.908191767577,0.718014079644
40,2002.0,10.0,91,29.90358806,14.095542493,47.000869454,-17.097281394,3.39782569,0.311431001,0.880917329,0.658459745,11.997381215,11.773934591,8.012764933,13.680299108,2.531922889,0.880720733,4.485393015,3.730132965,25.71826145,2.940555327,0,0.961023252439,2.04576078422,0.105060409233,0.158793418761,0.309138999331,0.478329218833,0.199597534313,0.367489931539,3.93049248171,6.35978127697,4.64784935142,5.21580043669,1.81786584851,5.28720546909,4.27684643359,7.8152307691,0.807482771341,1.36072977891,0.27975532635,0.478524496921,1.56852423419,2.29769992687,1.3065778174,1.99747983341,8.8603012847,11.4074455084,0.833072313186,1.73059859882,0.0,0.0,-0.202635574253,2.14517445779,-36.6766513441,0,4.21245193328,3.5922147393,12,12,12.037962342,39.398560558,4.58345485111,5.04766423143,0.620237193983,0.645714005669,1.0383730141,1.32577449106,1.52838434166,1.66276012332,1.77416891733,1.87259035389,1.9577423775,2.03172446215,2.06710392065,2.10188219949,2.12961622866,2.14517445779,2.10827423281,2.19523446528,-36.045757814,-37.5325413786,-205.816429572,-673.608276379,0.73085,0.998939395328,0.7106,0.89829986939,0.718342784994
41,2002.25,10.25,140,54.352130549,17.927508852,67.720360599,-13.36823005,3.383389119,0.460195534,2.252935369,0.99752284,38.569028265,15.114330716,8.754849008,9.390564079,2.563751788,1.511364951,10.122506476,6.404266615,34.74998016,5.725315091,0,0.96556108375,2.09184757413,0.187449047781,0.215741019269,0.931105210364,1.10010975079,0.408260599476,0.481132061654,17.5935057329,16.6440366975,6.18941382394,7.16115896361,2.75836335148,5.2006488827,3.15888965566,5.19975540346,0.928353634347,1.37956257499,0.567250612991,0.732670123315,4.14317370083,4.92520521019,2.42219277047,3.14948886003,11.9940606394,16.597207295,2.10455069252,2.84179618534,0.0,0.0,0.228147341839,2.09029745036,-27.9435771893,0,5.59944509343,0.0468294024928,4,4,3.819048105,73.319008425,11.4040919089,9.48287773386,5.55261569094,0.691789981185,1.03088425281,1.25599720957,1.44225901993,1.60049472673,1.72166094183,1.82695773405,1.8992675197,1.95734784268,2.00901159442,2.04723338143,2.07504177416,2.09029745036,2.03805787011,2.14377552509,-27.2452264628,-28.658484395,-51.0539136397,-980.145371663,0.75835,1.14365462221,0.73085,0.998939395328,0.72860016163
42,2002.5,10.5,63,20.414395131,7.416481696,35.169123167,-14.754728036,2.752058304,0.194050226,0.570972679,0.48383217,7.751916596,6.568089081,6.045379529,5.791180751,1.973708717,0.875082495,3.506985818,2.568170622,21.33061635,2.587956665,0,0.93402864272,1.56112149022,0.0708994084184,0.0996266206644,0.210166298325,0.304491938933,0.147729046931,0.273991253597,2.95722625729,4.12982687068,2.50452511729,3.32169120659,1.24751712959,4.16073949583,1.6869079756,3.47231814013,0.797528539108,0.973249419928,0.270343290428,0.497526409137,1.18769035276,1.94292710857,0.924409032071,1.25989419252,6.73474025936,11.6144797718,0.740683784133,1.55723924726,0.0,0.0,-0.570360354379,2.12937599349,-31.4183636703,0,3.77751400206,7.45374027601,12,12,13.578699754,29.082532946,4.23021514206,7.48465290116,-3.67622627395,0.579795983249,0.950732016582,1.22680232332,1.44798795992,1.5988581171,1.7190362869,1.82644559661,1.92603420386,2.0066509758,2.05260477122,2.08591218691,2.11500325364,2.12937599349,2.13341710602,2.13201274278,-31.4779891866,-31.4572681891,-200.350021953,-429.104864216,0.73,0.994622575144,0.75835,1.14365462221,0.716258844877
43,2002.75,10.75,126,34.482832759,15.893451854,75.623715389,-41.14088263,3.497905694,0.415281212,2.318387711,0.910818171,21.269757454,13.02887652,17.025775078,8.502971266,2.794583812,1.931256968,8.933755296,4.277286307,35.589781605,5.503562946,0,0.93554474797,2.18697922512,0.122281393104,0.240132943802,0.806588333682,1.30621095348,0.249080124762,0.55706168725,7.56937006597,11.4705925798,3.69764169139,7.80674129904,3.53800312877,11.7170790313,2.26031771756,5.31953026129,0.69411011874,1.77187280817,0.53650497694,1.20695299586,2.88177157596,5.17865081089,1.29647819016,2.28357856342,8.24673229546,21.3256500406,1.64840841078,3.25268221294,0.0,0.0,0.122786826181,2.15965419312,-88.8500796807,0,0.677362229489,9.60857100938,12,12,14.320024151,56.859539059,4.54909060407,9.8550574608,-8.93120877989,0.661089128301,1.04855257165,1.31391360139,1.50134373732,1.6613875447,1.77695990237,1.87020569977,1.94841749806,2.01346960114,2.06911885181,2.11699409361,2.14459584697,2.15965419312,2.18750647496,2.15870561894,-89.9959471387,-88.8110545014,-589.138432855,-2339.25162282,0.65535,0.642640034734,0.73,0.994622575144,0.637719460517
44,2003.0,11.0,89,29.952623894,13.57340038,45.473975732,-15.521351838,2.800712239,0.284197235,0.82371209,0.54731584,15.0689312,15.071511672,10.503662929,6.944651619,2.398057945,0.887537403,3.213498973,2.947945491,23.916161717,3.592103616,0,0.884788392223,1.62214207458,0.103382383667,0.139400178444,0.329454840394,0.400539053539,0.18147044244,0.289945541132,5.80082516699,7.35051849024,5.32269654436,7.31328846499,2.47150436623,6.78145085229,2.52363926683,3.54888725997,0.720503638282,1.47846193997,0.303240037294,0.464584122352,1.31029601244,1.56605688254,1.17199596766,1.43763249035,7.54944053815,11.1992250287,1.27938628707,1.88184333529,0.0,0.0,-0.224858711038,2.11328199951,-32.8009934474,0,1.74861537116,3.84870653845,12,12,8.844650045,38.987673389,2.22674399379,3.8859365637,-2.10009116729,0.667189606909,1.07298278798,1.34252602341,1.53084954817,1.64970870514,1.75323301973,1.84555961037,1.93016288182,2.00341136798,2.03979555195,2.07369662202,2.09844409139,2.11328199951,2.12528440074,2.14220054234,-32.9872869397,-33.2498483252,-137.280925232,-605.141396016,0.64667,0.604433653584,0.65535,0.642640034734,0.526874581354
45,2003.25,11.25,141,43.567542974,20.336575071,77.095881954,-33.52833898,6.898995787,0.466114427,1.765151832,1.016449249,24.753170533,18.634207519,13.445393518,10.221906848,1.99419232,1.813082079,5.478129004,4.814737818,44.914938286,4.783530778,0,1.95884623061,4.02681316508,0.145861967065,0.255752849147,0.705321202864,0.863148186585,0.324588067943,0.554059211232,8.52177914495,13.3454379512,6.13028156439,9.49782240738,3.56077433445,8.24004143778,3.38622187188,5.29421300873,0.659037249998,1.04046277991,0.598600177534,0.974913884057,2.04462189367,2.76062113404,1.4133087988,2.8098121242,12.7992482633,24.6063313709,1.31905220673,2.826452442,0.0,0.0,0.235264809608,2.08107418428,-69.7749606931,0,4.27746911839,11.2608934198,12,12,20.161767753,69.668108819,6.66896669895,15.1085089635,-6.98342430138,0.650666734912,1.02867294169,1.28318248933,1.47155487363,1.60768440002,1.71748191294,1.81265075278,1.90198689807,1.95058202559,1.99498023787,2.03759946663,2.06571981477,2.08107418428,2.10296421142,2.08238477141,-70.5088969432,-69.8189025028,-675.990583659,-2335.85596858,0.66546,0.687722076961,0.64667,0.604433653584,0.680620987239
46,2003.5,11.5,68,20.895786288,9.831301284,37.272912426,-16.377126138,2.51536119,0.196723152,0.467318888,0.354463487,10.614777269,10.706240504,8.035169345,5.015178407,0.910974555,0.695021597,2.746777131,1.654929872,21.308060366,2.779004221,0,0.669365911837,1.53545723691,0.0668131034412,0.1027280974,0.174754456492,0.237175042237,0.103596926305,0.20207045355,3.33130070008,5.56112727526,3.59119304137,5.61448577435,2.05755697583,5.02183818893,1.80278502551,2.49668047036,0.304832688823,0.472287766378,0.249194255453,0.348304618967,0.889663535656,1.45603975234,0.510981890509,0.906700289882,6.2945207206,11.7730332463,0.849227050893,1.54498420464,0.0,0.0,-0.493987375594,2.04509312393,-33.4927480546,0,2.70332767923,6.15854747193,12,12,10.601819862,32.01430087,2.96322002051,6.21190597103,-3.45521979271,0.637265119896,1.03982146607,1.31224459463,1.49675285286,1.61680161749,1.7273912737,1.82547437905,1.89731991889,1.94381250725,1.98136659821,2.0089924101,2.03116961452,2.04509312393,2.06119388617,2.04027465804,-33.7564322687,-33.4138354309,-173.627341172,-524.302243568,0.68058,0.756438524571,0.66546,0.687722076961,0.680709842756
47,2003.75,11.75,109,31.060169512,16.839429143,61.100401348,-30.040231836,3.319906861,0.375136344,1.217242375,0.691119571,26.082523205,12.937066114,12.932467824,7.218536107,2.249538145,1.481986887,6.229604854,4.925191971,24.215195337,5.12448441,0,1.05821857488,1.86522483646,0.1227348751,0.200658901007,0.428744783585,0.636795689609,0.203068633307,0.394909374616,7.67597505755,12.6939773345,3.89441291412,7.13832266243,3.2950512161,8.06326856832,1.9443421065,4.34077658621,0.670778785527,1.25431210115,0.43935588814,0.864110626615,1.85531061592,3.59326734572,1.77489888507,2.38812038712,6.42572926996,14.4443648645,1.27154791051,3.22229206784,0.0,0.0,-0.0221471985411,2.15596796839,-64.7657776014,0,1.25024578759,1.75038753,4,12,1.867327868,50.297718542,3.78156214343,6.38109629618,-0.500141742404,0.692457870848,1.05748650784,1.33348915743,1.51257628826,1.65981202836,1.78041913595,1.88923171797,1.97076247949,2.03198326271,2.0769474984,2.11531780127,2.1403784294,2.15596796839,2.17799246072,2.16734925945,-65.4273984572,-65.1076742235,-56.0949620685,-1510.95512582,0.66645,0.692172338895,0.68058,0.756438524571,0.678180723861
48,2004.0,12.0,151,51.142617036,23.514375169,76.343007796,-25.20039076,4.64636196,0.5317057,1.860216687,0.811970498,23.634663202,20.20678959,15.912277731,9.591516912,2.773729058,2.0213869,6.469575394,4.485172677,53.676414344,4.378219354,0,1.55526262395,2.43335423802,0.178987617773,0.270120715917,0.674963003648,0.948525654568,0.261656716294,0.435405973701,9.03999853861,10.1987364717,7.83807429166,9.5114309496,4.96238086766,9.24042141728,3.33986435455,4.88936410587,0.994642210716,1.41896791283,0.695164745979,1.02813942887,2.50119935901,3.13784796774,1.52906928186,2.29806782896,16.2238852435,28.0938676492,1.34746817767,2.43875749365,0.0,0.0,0.303784756045,2.02182075464,-50.9506730635,0,7.18388670489,17.8951311774,12,12,30.041751142,77.311077546,8.38581095185,18.5824366996,-10.7112444725,0.615623893982,0.998297895147,1.2637302404,1.43897565875,1.56548413098,1.66177211343,1.75084130248,1.8341157169,1.89344688726,1.93983515141,1.98261363484,2.00547624097,2.02182075464,2.05605074315,2.02040050798,-51.8132821499,-50.9148822929,-757.063867893,-1948.26936424,0.74146,1.05357079456,0.66645,0.692172338895,0.749484062648
49,2004.25,12.25,55,15.816795639,6.68698145,32.496222913,-16.679427274,1.817821386,0.174565996,0.935248253,0.269586583,6.177682964,4.852630235,6.468264946,2.345523053,0.831654954,0.621727772,3.173663087,6.115167898,19.388286117,1.828176804,0,0.515274427876,1.1144575651,0.0508202327184,0.102672420257,0.205481159145,0.655361704039,0.0872375614649,0.153050426713,2.08585560346,3.26547946183,1.85630361048,2.37226370398,1.48326851338,4.29849587313,0.855324556193,1.20571498032,0.23815078637,0.516278910517,0.169823844448,0.392691629501,1.18393389919,1.64255258156,1.25837773846,4.03352563497,5.412268466,11.534854716,0.414675244534,1.20882334452,0.0,0.0,-0.706161895538,2.07592559706,-34.6252500223,0,3.32641286254,7.23635884286,12,12,12.920021171,25.856551063,3.55596485552,7.50132908102,-3.90994598032,0.562510435378,0.944356272525,1.23313959444,1.44640969283,1.59733953804,1.71372251355,1.80753130246,1.89574948431,1.95095578693,2.00050579601,2.04003059145,2.06103937838,2.07592559706,2.08314336611,2.06869028486,-34.7456382763,-34.5045691587,-215.4985535,-431.272463012,0.74912,1.09392444714,0.74146,1.05357079456,0.724529811785
50,2004.5,12.5,139,33.411460961,17.768525722,87.820013317,-54.408552356,6.656254269,0.506716739,1.575810101,0.759681589,11.405161198,12.6490789,13.362422646,8.925427269,1.775616834,1.871533243,4.022067129,3.443378812,66.866911506,5.179939761,0,1.58101774104,4.29300270598,0.128380947134,0.315481492033,0.407584857717,1.00639041531,0.200310208998,0.467038443963,3.52774045201,5.68975359279,3.67608784183,7.62889252501,2.9030808393,9.30491285235,2.28743560751,5.73113013996,0.631897835482,0.966774781265,0.425984446112,1.24297556373,1.17794860443,2.42947005315,0.805986070446,2.05824719022,14.5097181006,43.2822386651,1.14828740652,3.40370489503,0.0,0.0,0.22097885236,1.85240427628,-100.78663505,0,10.8336302588,33.9773258128,12,12,53.50448886,80.229334152,10.9819776486,35.6533461401,-23.143695554,0.450377949038,0.787026975378,1.04614178695,1.2395914048,1.38524545556,1.5003075851,1.59231457636,1.67143546383,1.72150977307,1.76860830181,1.81089653837,1.83498829865,1.85240427628,1.94274057304,1.82415952951,-105.701702182,-99.2498792671,-2911.10178342,-4365.1619277,0.73766,1.03384164145,0.74912,1.09392444714,0.70357032965
51,2004.75,12.75,54,16.246287929,7.219698182,30.53401389,-14.287725961,1.72332655,0.153425023,0.632848843,0.438313044,10.005718263,6.186970284,5.255682182,3.119149761,1.480562916,0.75658495,3.152587505,1.658761141,16.550129957,2.885939569,0,0.541049773761,0.979572629929,0.0461954880592,0.0888138558966,0.208159751885,0.351979756764,0.136326291758,0.251181881252,3.39713814466,5.28115737718,1.79029837033,3.56564607635,1.39587789288,3.3658429821,1.06684178846,1.68914872859,0.393955228063,0.894302338653,0.291237133791,0.368807000483,0.891189162078,1.75966648066,0.531037394157,0.899417612035,4.68780700465,9.36692626143,0.869174500944,1.67155090279,0.0,0.0,-0.724511034206,2.12004745862,-30.2906571131,0,1.29066885998,4.08576888425,12,12,6.544411694,26.55584822,2.89750863432,5.80128018508,-2.79510002426,0.662465862129,1.02199501394,1.28252895525,1.45468520442,1.60701195288,1.73891905854,1.83017532304,1.91452398841,1.9893874949,2.0359562912,2.07616778755,2.10653591502,2.12004745862,2.13451093327,2.12231587208,-30.4973072753,-30.3230675829,-93.5047608598,-379.422682029,0.73542,1.02229810155,0.73766,1.03384164145,0.698272315023
52,2005.0,13.0,67,19.743564834,8.230021575,39.026413585,-19.282848751,2.582999502,0.247555185,0.851993467,0.453646005,6.67884656,10.44669538,7.996114757,7.603724752,1.595333354,0.816902976,2.836453297,2.67744673,20.077043634,2.135244405,0,0.74095111064,1.5670747515,0.0772478504031,0.140359956199,0.260530635867,0.508504788051,0.120873742446,0.278875147847,2.44866002067,3.41336969494,3.69386800229,5.60020559986,1.67010754026,5.46808157531,2.46238114264,4.26962055663,0.514918481615,0.836901981634,0.278744106886,0.439348818316,0.906986502761,1.42509404913,0.90237166529,1.44436592843,5.05052960915,12.3960857735,0.615394420887,1.23852496903,0.0,0.0,-0.508802461379,2.13201551888,-41.1113327853,0,1.35666160686,6.79588017361,12,12,9.630348254,30.523739014,2.58814846651,6.92800419815,-5.43921856675,0.642515459684,1.01987771005,1.29937965413,1.51467898973,1.63885097728,1.74990643773,1.85122776734,1.93648036757,2.00442763115,2.04776755632,2.08895170754,2.11544958747,2.13201551888,2.16885675844,2.09990214775,-41.8217368355,-40.4920955069,-185.700548801,-588.584642722,0.75212,1.10995112759,0.73542,1.02229810155,0.732299256831
53,2005.25,13.25,68,20.106542382,9.091327511,38.802130106,-18.695587724,1.493495067,0.223177836,1.083466365,0.626375915,9.558647267,10.549296189,6.726384796,4.874578726,1.434835319,0.884717448,3.140037651,2.16104884,22.625887435,2.61805117,0,0.386089622964,0.934326050994,0.0667710532592,0.127127066963,0.292301105595,0.680272899165,0.193688154389,0.342845097358,3.29842274675,4.72772193388,3.49290534017,5.83494764024,1.73855291757,4.22118855956,1.46249988064,2.80505133578,0.42859451858,0.833416872578,0.272937413693,0.503261702114,0.90943373037,1.93097489614,0.590620610596,1.28708335869,6.28062537909,12.9941807278,0.693099921755,1.57973196663,0.0,0.0,-0.493987375594,2.07548986299,-38.8025028038,0,2.78772003892,7.15923308754,12,12,12.076591246,33.175183624,2.98220263234,8.26645879389,-4.37151304862,0.625343232207,1.01699195745,1.2763129531,1.46368518708,1.59565724524,1.70525797605,1.79682542763,1.86582598867,1.93052612749,1.9824345117,2.026444417,2.06020399536,2.07548986299,2.06759077475,2.09160986204,-38.6548247068,-39.1038756601,-225.778971046,-620.229555702,0.73328,1.01132820176,0.75212,1.10995112759,0.735212640097
54,2005.5,13.5,41,14.579696293,5.188453861,21.231849851,-6.652153558,1.339284202,0.135091898,0.734738625,0.353253048,6.896793875,3.565997518,2.13712039,3.332461284,0.728185655,0.322862427,1.563988064,2.879182923,15.615855079,1.395185021,0,0.430181443966,0.741685211151,0.0485261942846,0.0686939121762,0.327027603502,0.351860654595,0.140696114625,0.171270149563,2.2786457974,3.60536333271,1.0940514285,2.11934156837,0.7057707476,1.20742053319,1.23897913881,1.73998944398,0.279543415406,0.388484650193,0.111977871989,0.179701951281,0.566430514266,0.847283391968,1.18894667631,1.44407929742,5.70816036097,7.5729598808,0.460758988822,0.793715878121,0.0,0.0,-0.999923014066,2.01740294013,-13.4200741461,0,3.42951456357,3.96759654809,12,12,8.719061204,22.512648954,4.46918122215,5.45361831243,-0.538081984526,0.616150611691,0.93089955185,1.17879527818,1.37429034591,1.52162197867,1.63427210819,1.73260888693,1.82302000504,1.88169308792,1.93822437929,1.97133749358,2.00187776724,2.01740294013,2.01351664526,2.05725503649,-13.3942219158,-13.6851764107,-58.0005340106,-149.757597839,0.72749,0.981924942569,0.73328,1.01132820176,0.74251370972
55,2005.75,13.75,82,20.104373068,9.457767641,52.43785929,-32.333486222,2.610580298,0.254254226,0.691155839,0.785773812,11.170491823,11.682538208,11.480527404,3.853197237,1.849829144,1.139329597,3.832667641,4.531420618,24.566124533,3.552109653,0,0.513069752249,1.84093795096,0.0700811020083,0.155294224446,0.172357559971,0.443308545181,0.190691195614,0.504476049745,3.75596030445,6.25715713369,3.16569494323,7.28519435184,1.92786952921,8.618844641,1.00197580146,2.40243173213,0.506157691491,1.14350875106,0.306789627969,0.707971228681,0.943591876501,2.44641420146,1.03312783719,2.92487271614,5.74363997958,15.4320915318,0.773365872114,2.27535625299,0.0,0.0,-0.306775833506,2.12580944598,-68.7348304322,0,1.98767967513,6.81324689079,12,12,12.883586325,36.248662741,2.57794503635,8.14689717995,-4.82556721566,0.628582672282,1.02908222088,1.3196330415,1.48270449928,1.61717539047,1.73984246049,1.84837698775,1.93358596626,1.9992906395,2.04539988707,2.08016340562,2.11135032563,2.12580944598,2.11298927871,2.12743635091,-68.3203097303,-68.7874339402,-416.571260929,-1172.0456373,0.70247,0.859087635432,0.72749,0.981924942569,0.754291975304
56,2006.0,14.0,58,16.307540858,6.123953927,35.56850522,-19.260964362,2.054520884,0.166966922,0.454001557,0.588968457,6.723012604,6.933502702,9.130475624,3.455098194,1.517378861,0.693365077,2.620123841,2.507487368,19.325675976,1.82942191,0,0.527905315653,1.29934394064,0.0496967455354,0.0990407335887,0.159896485277,0.25486046015,0.171222139509,0.364938114806,1.86404463517,4.20927402334,2.44426365,3.88124673956,1.76077568232,6.5294437645,1.10435252566,2.03293472899,0.525094272965,0.871361078608,0.19833126231,0.424159009022,0.72412763287,1.67289318955,0.689421653892,1.55617944349,5.64274204345,11.1644216025,0.445666810169,1.20840837369,0.0,0.0,-0.653052070224,2.08168082195,-40.0951801246,0,3.19847839346,4.63497783798,12,12,10.195200352,28.4561516,3.77869740828,6.95514757914,-1.43649944452,0.627516920228,0.999267008974,1.27881875953,1.45030247322,1.58264059315,1.70128790344,1.79961295458,1.8860604968,1.95937459824,2.00137515943,2.03804554686,2.06791743809,2.08168082195,2.0788265363,2.09169916983,-40.0402038305,-40.2881431662,-196.369390643,-548.092921847,0.75886,1.14643962946,0.70247,0.859087635432,0.734905540108
57,2006.25,14.25,88,21.900405524,8.359480107,57.740114368,-35.839708844,3.256441211,0.230671955,0.656020338,0.7806951,12.594312136,11.94390472,12.327760254,5.0977803,1.372716347,0.832056687,4.314181526,2.444396787,28.480115945,3.668946696,0,0.700622597997,2.23754561128,0.0712461047731,0.137019941813,0.230031515996,0.367966126398,0.178381023448,0.532062250703,3.66606901485,7.73834594944,3.33725683815,7.53980136138,2.30709354576,9.11609276661,1.56956619324,3.04833346374,0.318572883992,0.964377946053,0.208925652685,0.550381222038,0.97403489076,2.90297347772,0.639873552708,1.58782933049,7.03805980464,18.3232226739,0.660671900329,2.69416225311,0.0,0.0,-0.236158266292,2.05958676533,-73.8149900085,0,3.37199078979,9.20712990727,12,12,15.885803809,41.074428081,3.70080296649,10.5848767244,-5.83513911748,0.616370912745,1.01438157204,1.30455536467,1.46986709981,1.60565864853,1.71947101471,1.81844151621,1.89704970431,1.94885312682,1.984400953,2.01779171953,2.04675293588,2.05958676533,2.04567126094,2.06672480893,-73.3162623827,-74.0708154129,-569.342583267,-1472.09554336,0.75086,1.10320422882,0.75886,1.14643962946,0.728351755821
58,2006.5,14.5,70,16.701913203,6.974915515,46.323171286,-29.621258083,2.794492564,0.23306081,0.580652313,0.649858238,3.191026375,9.56967005,12.031787331,3.677328966,2.110554805,0.652091478,3.619688561,4.371311254,22.931700436,3.586776821,0,0.621305478184,1.93446120214,0.0548191072125,0.152803037805,0.144244882226,0.372771335349,0.16612474809,0.417561626674,1.09770612506,1.74356143468,2.49632384121,6.25913324777,2.43367736248,8.77124507631,1.06291363248,2.2271094016,0.442690085832,1.50013308952,0.163334124888,0.407330412954,0.986094973157,2.25973044914,1.13737100048,2.80372750359,4.97779690762,15.1964125614,0.91751093182,2.27719091138,0.0,0.0,-0.464999838721,2.09436995464,-62.0378729478,0,2.48147306641,6.42516748509,12,12,10.899913105,34.963487767,2.54411954514,8.93727931363,-3.94369441868,0.643733304197,1.02576446624,1.23518874347,1.40227713646,1.55088401445,1.68478807332,1.79990051862,1.89919636596,1.97866198584,2.01359457334,2.04787385611,2.07897358812,2.09436995464,2.15875833487,2.07118826381,-63.9451377761,-61.3512021007,-322.869139165,-1035.66249463,0.74719,1.08368128508,0.75086,1.10320422882,0.724074009745
59,2006.75,14.75,55,13.089906657,5.091035515,36.819057825,-23.729151168,2.907904513,0.155381289,1.354363683,0.707641652,3.120195575,5.102185339,10.454886032,3.681705761,1.05083979,0.599980682,4.91398457,2.586770088,15.853782729,2.510378305,0,0.655341867987,2.0158291147,0.0402541020751,0.100018817997,0.303688340293,0.957919139599,0.146754997133,0.500518764738,1.05254578825,1.70207919639,1.49591796263,3.22179268491,1.86316157433,7.72623982329,1.16690627484,2.17218244053,0.214973453744,0.763230380703,0.131671261859,0.410836193671,1.38223583997,3.13889747004,0.592056090254,1.77903393333,3.42506094241,10.6460538104,0.619338162195,1.68442606104,0.0,0.0,-0.706161895538,2.18311849294,-51.8035487365,0,1.56189936808,2.91981398715,12,12,5.398896697,26.308668761,1.92914297978,7.42426112553,-1.35791461907,0.671940532591,1.00647843592,1.26662302012,1.45726274905,1.6115048618,1.74530588294,1.86028996395,1.96480224118,2.03394205933,2.09060819669,2.13290341843,2.16984625747,2.18311849294,2.23526974446,2.16507715401,-53.0410536677,-51.3754430778,-128.111235864,-624.282378059,0.69683,0.832247774291,0.74719,1.08368128508,0.724743901747
60,2007.0,15.0,75,29.200318762,8.260666684,37.53901455,-8.338695788,2.524279717,0.229988637,0.764389803,0.730759524,17.315678186,9.703573079,6.472471795,4.671716899,1.628013978,0.807031634,4.263426297,2.943136211,19.397319207,3.548215034,0,0.800823561036,1.44658874818,0.094301669174,0.109909664828,0.40126170325,0.281380402036,0.269924922974,0.382492438372,7.62935185139,8.01251758228,4.11859788147,4.50022322166,1.74537721738,4.13829285343,2.09959879006,2.05745859539,0.514112299274,0.921713823158,0.292189228842,0.412568947252,1.70586301415,2.07498275032,1.02787798541,1.63263776932,7.22888516274,9.66785259232,1.27215347649,1.90039515996,0.0,0.0,-0.396006967234,2.12719497284,-17.7380317602,0,0.400466688646,1.65533501005,4,12,2.081641021,36.712997393,3.51075396991,5.16762937067,-1.2548683214,0.691538851406,1.0596705256,1.30162681784,1.47758185314,1.6266288075,1.74926126692,1.85151708578,1.93935099023,2.00326740624,2.04181352784,2.07821924384,2.11286572111,2.12719497284,2.08703001681,2.14955224341,-17.4031084106,-17.9244622382,-17.3581712139,-306.138516726,0.73755,1.03327329483,0.69683,0.832247774291,0.699080296904
61,2007.25,15.25,189,53.294279516,19.520502133,116.185218347,-62.890938831,4.523077702,0.613939826,2.650235466,1.803032285,24.156578322,25.903792387,22.655819451,20.253315609,5.440494691,2.561581605,12.414380838,8.735567061,48.461178002,8.827006764,0,1.20734913185,2.88069641647,0.177637390456,0.369974665894,0.855055294665,1.55807739261,0.506414053801,1.12291133166,7.91044717497,13.4579032841,8.18480440677,15.4370366432,5.08012992023,15.4984448265,5.83110757914,12.4692884118,1.47121397801,3.5393961529,0.666058702326,1.65039742043,3.76143032381,7.3846230774,2.63535735928,5.08518243651,12.7839658992,30.0525530869,2.22330830763,5.67873320212,0.0,0.0,0.528251934289,2.21452980744,-139.273858659,0,4.59916149245,14.5541082604,12,12,22.557385615,74.364970389,4.87351872425,14.6155164436,-9.95494676791,0.646408750088,1.04490503227,1.33133612178,1.55142037442,1.70669119718,1.82496156368,1.93329784961,2.01120930888,2.07773378784,2.12317764297,2.16653598076,2.19982072294,2.21452980744,2.21702729592,2.21493822722,-139.430928054,-139.299544562,-1418.6551589,-4676.8828039,0.73739,1.03244688267,0.73755,1.03327329483,0.734622761836
62,2007.5,15.5,93,25.013191282,9.900558476,58.086250238,-33.073058956,3.024987061,0.295560205,0.916827621,0.829509103,19.503690301,8.815158796,15.952923011,5.21604175,1.045236467,0.876820412,4.793559663,3.130581539,24.864319904,3.734784179,0,0.779469521475,1.99643386778,0.0926161825083,0.169656612582,0.273774006127,0.565966226505,0.224917300488,0.515504409967,6.01639276785,11.3610638897,2.88416600642,5.14794507122,2.74860242739,11.9403210663,1.61307422928,3.0571110971,0.251435366724,0.690198402883,0.230962084421,0.56725809494,1.62095289028,2.68733173849,0.957496512029,1.83035024693,6.29368706909,15.2282285171,1.02564492107,2.32888100327,0.0,0.0,-0.180895587617,2.07545768825,-68.6417344842,0,0.277294301235,3.28790745082,12,12,5.360629603,44.368010205,3.40952106266,3.86716462746,-3.01061314958,0.685830345664,1.0821285948,1.32576746147,1.48679570694,1.62526884028,1.7357418962,1.82888625406,1.91504870621,1.95607314693,1.99271222129,2.02758829361,2.06055466292,2.07545768825,2.10174567902,2.06298956195,-69.5111587528,-68.229375408,-177.292418901,-1467.38581727,0.70814,0.886367579019,0.73739,1.03244688267,0.72416497339
63,2007.75,15.75,74,23.176206555,9.324235576,41.499557861,-18.323351306,1.9020825,0.298232197,0.886491931,0.745550651,20.331837508,5.674111954,7.827892615,3.133580961,1.314661173,1.017077517,4.470413535,4.291615636,18.612647775,3.493804045,0,0.483755459152,1.24558023377,0.102845210393,0.160645510176,0.33541871057,0.463101839626,0.230277653142,0.421129397015,7.92625171466,9.27000163925,1.9234902063,3.20067644548,2.06509432966,5.09204772468,0.908525650692,1.90116925659,0.424834529665,0.763782404929,0.314809805572,0.598426775906,1.62411198995,2.41640909476,1.3391269352,2.3772685216,4.39627595383,11.6495649524,1.10138840471,1.93975406577,0.0,0.0,-0.409429987566,2.09555408026,-38.3975735934,0,3.52997576084,2.3795633131,4,12,1.719189733,38.944485283,5.861157385,6.55751722768,1.15041244774,0.692172489848,1.02800717471,1.25949983974,1.43577108536,1.58903794099,1.71335617147,1.82136121623,1.89682134669,1.95387814087,2.00044532537,2.04180490837,2.07768333449,2.09555408026,2.07069194219,2.11843484491,-37.9420159032,-38.8168258821,-31.5013174394,-713.593485272,0.67245,0.719287044092,0.70814,0.886367579019,0.716768710828
64,2008.0,16.0,141,47.758999929,17.468006326,75.772993743,-28.013993814,3.460531399,0.499883383,1.973059508,1.092185271,43.110930978,14.966534167,7.749623466,7.936469111,4.108449831,1.980017792,6.544938681,5.859189028,36.111836272,5.606351122,0,1.05626678169,2.00355620702,0.174061113134,0.262300007477,0.739710311991,1.02974647072,0.357293384763,0.598522803409,16.5770296976,21.0681485311,4.99900753097,8.52910371857,1.90343135625,5.00440286752,2.42801817039,4.68676522141,1.34865366324,2.32455031425,0.71764449488,1.02151654169,2.21703728233,3.61316097474,2.027407353,3.1710315018,11.4632495554,19.2640224102,1.75018923853,3.19616617575,0.0,0.0,0.235264809608,2.04486596185,-57.2848624058,0,5.11378014222,1.8041261209,4,4,6.999094706,79.22276725,11.5780221667,12.5390448125,3.30965402132,0.689239490694,1.01755914132,1.21162900525,1.38118194382,1.51996674512,1.63946924233,1.74755453758,1.83179481493,1.90390356061,1.95186290279,1.99855191988,2.02851569852,2.04486596185,1.99346434897,2.09026406968,-55.8448979405,-58.5566447176,-196.072595797,-2219.34611167,0.74016,1.04680032207,0.67245,0.719287044092,0.720405669124
65,2008.25,16.25,172,62.641887758,16.532159463,92.825952777,-30.184065019,5.453930967,0.53636315,2.175903884,1.789094312,57.034992652,17.990957319,12.570988734,6.373636875,3.52309679,2.285528239,8.684963798,8.163441553,36.909392374,8.507709403,0,1.67628467669,3.29637231722,0.203553428304,0.280882417828,0.722301215034,1.30536281372,0.670147062285,0.961794464135,21.7946497492,29.6216256203,6.4709365565,9.78735113103,3.5571937371,8.05728019867,2.19996053962,3.61128058933,1.2717106786,1.94865287673,0.837019821357,1.23643233523,3.51864874063,4.30519764154,3.29191535896,4.11507255715,13.4214438769,19.5523562026,3.00612233398,4.74629163735,0.0,0.0,0.433999396043,2.05714598542,-62.0930281776,0,8.37320587236,10.0692694177,4,4,20.125600278,93.944385026,15.3237131927,19.8342744892,-1.69606354535,0.670021348882,1.00320362122,1.22911527149,1.39002855537,1.53364978237,1.66158794918,1.76426585638,1.85223642438,1.91588853965,1.96189469677,2.00534368988,2.04240700522,2.05714598542,2.02698914293,2.08286345527,-61.182772083,-62.8692859596,-607.472427338,-2835.62342579,0.73593,1.024920786,0.74016,1.04680032207,0.72319831531
66,2008.5,16.5,133,48.400216437,15.189228581,69.41055498,-21.010338543,3.039161974,0.435085164,2.193365446,1.24993671,44.859081155,15.784038219,6.865218405,7.990702965,2.780297693,1.848891074,5.844084065,5.619236683,27.493156298,6.997744144,0,1.02178549642,1.68136992073,0.16650110759,0.221714656418,0.792087763274,1.23418968308,0.480656061804,0.634534157788,18.3201306612,21.5523878379,5.60022929943,8.47096012907,1.70155534179,4.55854911173,2.59099564672,4.46507463752,1.00994912617,1.52166010086,0.626193130101,1.02290847691,2.02436940475,3.29750889044,1.78809104018,3.11987163348,9.77867330639,14.0049013369,2.49899904961,3.62492440492,0.0,0.0,0.176854047452,2.05017606316,-43.0748931598,0,8.54145735481,7.54748650101,4,4,17.365924857,72.352237453,12.7199013618,13.0814277088,0.993970853802,0.664059431086,1.01514102997,1.21709570027,1.38256743239,1.52983826613,1.65249916448,1.76341588899,1.83511372631,1.90016124034,1.95385434811,2.0003471099,2.03484641395,2.05017606316,1.97350180189,2.10546452975,-41.4639409729,-44.2365225603,-364.863960358,-1520.14500323,0.71804,0.934760060897,0.73593,1.024920786,0.696397584784
67,2008.75,16.75,52,17.040339671,5.492649076,29.467011254,-12.426671583,2.453794582,0.155019073,0.758349845,0.368305708,7.327378562,8.611582063,7.139089912,3.23168932,1.866392075,0.755310779,4.230279781,1.597506485,10.253802285,3.251499537,0,0.845113073918,1.33548549692,0.0535673270346,0.085106311323,0.260918315037,0.425758911981,0.124190867949,0.20656116802,2.65041369286,3.90785500976,3.04700300972,4.67119320729,1.81373319088,4.63282369535,1.20933528276,1.70072864368,0.617334055815,1.08717703337,0.269952334056,0.424887299401,1.48529245565,2.28590339131,0.493892102942,0.945942542205,3.40772190015,5.62211920047,0.761872064139,2.13546934569,0.0,0.0,-0.762251362189,2.26282779177,-28.1194178172,0,0.360718890428,0.950925993173,12,12,1.642220222,18.865384348,0.757308207293,0.989295505119,-0.590207102744,0.689353582747,1.08922350633,1.37537653459,1.57244048499,1.72512418277,1.86082349691,1.96922058792,2.05666442651,2.13244275342,2.17823858164,2.22278753493,2.24921968362,2.26282779177,2.25237404399,2.26634607226,-27.9895125267,-28.1631383335,-20.4073313658,-234.43393558,0.66875,0.70253692091,0.71804,0.934760060897,0.668826878278
68,2009.0,17.0,96,31.275578238,11.985660643,52.738761116,-21.463182878,2.219783865,0.310206786,0.965755316,0.660735877,14.387730768,12.145940291,7.762328581,5.833047965,1.889077342,1.09615607,4.237269472,3.683316408,36.850876031,3.957775229,0,0.806831304783,1.16610571968,0.103052214106,0.167900246646,0.277101724651,0.599654546681,0.202082648579,0.390140244899,5.53169083622,7.32826363972,4.02866579225,6.72011776189,2.38678290675,4.72690469543,2.17170568399,2.96771350036,0.573011231886,1.15227396,0.331927381609,0.646284566425,1.44599349531,2.34905534504,1.31258313982,1.92220279025,10.9476046207,20.2622262058,1.15654525586,2.33991789555,0.0,0.0,-0.149146889302,1.99591929769,-42.8387808961,0,5.41591378452,12.933962566,12,12,22.463145263,51.238606799,6.9189388285,13.5421084439,-7.51804878151,0.593706015095,0.968506122204,1.20747487869,1.38430387748,1.51694366167,1.63443306664,1.73921345899,1.81142394903,1.87389737699,1.91552807184,1.95280906376,1.98056184803,1.99591929769,2.02568311132,2.00718124618,-43.4776070711,-43.0804981561,-482.130594795,-1099.74358814,0.67756,0.742581037303,0.66875,0.70253692091,0.665488509998
69,2009.25,17.25,104,32.028753078,9.946730207,62.024516717,-29.995763639,2.719679683,0.346333301,1.705513029,0.765282105,12.841888418,10.566208698,8.138059611,7.950867468,1.55450834,1.257761844,6.647199384,4.712005998,38.689026367,6.105665764,0,0.762123753981,1.72718966357,0.113492578891,0.200591723806,0.571524682019,1.02896961035,0.247224445582,0.449236212942,5.09655573028,6.52506160572,3.79947459298,5.80395903445,2.32679659964,5.11002056738,2.68074067205,4.53237360048,0.49067579963,0.937980468446,0.351924923007,0.802137456604,2.38512590785,3.65840806543,1.17278832268,3.15573467649,10.6941660017,23.8939883148,1.336139066,4.19886572866,0.0,0.0,-0.0691041816288,2.07088204886,-62.117688462,0,5.5976102714,17.3689267091,12,12,25.847137949,51.530914785,6.8946914087,18.0900292803,-11.7713164377,0.561462774973,0.922060173588,1.17383430046,1.38324922964,1.54959909619,1.69173671782,1.80473553788,1.88130577587,1.93553715281,1.98504864057,2.02677247913,2.05540470353,2.07088204886,2.08869963837,2.06525188348,-62.6521406654,-61.9488073519,-775.304640663,-1545.70913999,0.68054,0.756254530311,0.67756,0.742581037303,0.636490142289
70,2009.5,17.5,73,25.703940885,9.339182484,37.956876634,-12.252935749,2.153085375,0.220548211,0.748544969,0.53987021,12.415212222,8.875231685,4.799892916,3.898844022,1.284102322,1.129707917,5.209876343,2.478571431,26.29652051,2.949991883,0,0.555263204098,1.37180101041,0.084519361338,0.105670080929,0.264169530371,0.398612053455,0.185641820712,0.278548473289,4.97608686964,5.91020288377,3.26182755284,4.63382115898,1.19505998088,3.05450168275,1.19102541157,2.29754036318,0.366696225729,0.770519148416,0.380203616808,0.597526853214,1.84492095422,2.81061278591,0.875222594741,1.35964475124,9.43962622181,12.832065325,1.08367754796,1.53581007005,0.0,0.0,-0.423035639622,2.03393518897,-24.921677188,0,4.46353935216,6.92186244126,12,12,13.881308288,38.711732732,6.17779866896,8.19824416604,-2.4583230891,0.62740294294,0.99150490527,1.21583344076,1.40135335892,1.54873009092,1.66371872661,1.76050769132,1.84441738405,1.90190497989,1.95306843912,1.99048911413,2.0194905024,2.03393518897,1.97763176389,2.09204787832,-24.2317949381,-25.6337282369,-170.086778565,-474.332373898,0.63782,0.565914786064,0.68054,0.756254530311,0.636033985313
71,2009.75,17.75,71,20.592517826,7.467633695,42.939848481,-22.347330655,3.787039096,0.266097898,0.853273105,0.592321058,9.180050344,8.614368934,6.753259732,6.818900792,2.054277684,1.05518007,4.715187053,4.281880588,17.765343417,4.262820242,0,0.845471150707,2.62671364522,0.0859128007004,0.148502673848,0.236025158096,0.539075175367,0.167170933988,0.361427313855,3.64014231547,4.47880108205,2.89473646237,4.78634103514,1.21968256732,5.03646621459,1.66952827861,4.51583567691,0.581475587912,1.23796908297,0.280933123876,0.663972235674,1.40370816491,2.85010380362,1.06233384647,2.77105679437,5.31294985738,10.4251892548,1.19244758249,2.49839449903,0.0,0.0,-0.450815203729,2.26960310524,-50.7195710483,0,1.67280754191,5.38872304022,12,12,8.585293073,26.945393761,2.41821339501,5.63884821967,-3.71591549831,0.641492681978,1.03975091918,1.31361678164,1.5333683268,1.69596753092,1.8340489488,1.95802083601,2.06523524739,2.13817077144,2.18444724459,2.22360199706,2.25336991658,2.26960310524,2.20730701643,2.28701672044,-49.3274197533,-51.1087188652,-191.858383072,-602.157624006,0.60268,0.416644374586,0.63782,0.565914786064,0.62697122558
72,2010.0,18.0,96,35.531268093,12.210665262,48.258066632,-12.726798539,4.634970263,0.297540391,1.413041396,0.844161715,24.122248826,11.496530533,8.600515828,4.564590112,2.055172762,1.558216937,5.17970065,5.58273014,21.240868083,4.409712403,0,1.75975632695,2.32136137266,0.116737344223,0.140069520182,0.556651009511,0.740909069795,0.316983119297,0.430922144314,10.4738752079,10.8477439984,4.20087243807,5.84999984989,2.39207773032,5.31685955295,1.53639438825,2.51507736035,0.773490093694,1.03757418769,0.508338542863,0.897276384314,1.8111219651,2.79387416072,2.01099957437,2.91827989659,7.45506545833,10.2473860533,1.61890489876,2.20073309854,0.0,0.0,-0.149146889302,2.17752482462,-27.7129197566,0,3.01880974957,0.600357945165,4,4,2.881380743,45.363116909,6.27300276984,4.99774414854,2.41845180441,0.691128544938,1.05481366552,1.30523846271,1.47796321365,1.62584489137,1.75218340583,1.86706403239,1.9712352603,2.03425671436,2.08513591457,2.13152338987,2.16323119811,2.17752482462,2.13152796748,2.21857633407,-27.1275270224,-28.2353740471,-36.6707522303,-577.327250002,0.61403,0.464284140651,0.60268,0.416644374586,0.637135810915
73,2010.25,18.25,98,36.788016822,11.832498636,49.379484535,-12.591467713,2.33065639,0.300410153,1.207904523,0.976096906,25.623196984,10.479319833,4.260101572,5.526880848,1.187652962,0.928074496,4.289268065,4.555924429,31.618072587,4.716440286,0,0.791843263487,1.24374725768,0.113485064034,0.151480662614,0.463024027656,0.644976950832,0.435023959997,0.445864875457,11.3589420952,11.1177556027,3.81054656089,5.57402036845,1.4645449985,2.33102616105,1.95838271159,3.01723965702,0.438604033713,0.63386710358,0.320461195994,0.505934945575,1.63178826301,2.19601210389,1.81738202221,2.16092060992,10.8174864481,16.5722687051,1.36650218902,2.7843695425,0.0,0.0,-0.1285276021,1.98320824414,-24.9715025742,0,0.541455647141,5.45451310243,4,12,5.994875603,57.241269571,7.54839553436,10.9982483366,-4.91305745529,0.687652929131,1.01209277345,1.2032512431,1.35878819193,1.4973485562,1.62013941963,1.73327023901,1.80675559045,1.85205066452,1.89583922314,1.9331157825,1.96844032797,1.98320824414,1.95332706844,2.01328165501,-24.5952547152,-25.3501709562,-75.4842825986,-720.751597654,0.64953,0.61697391362,0.61403,0.464284140651,0.666081285339
74,2010.5,18.5,66,26.047109182,6.6257642,33.327126625,-7.280017443,1.470924694,0.237969604,1.234434806,0.73096867,17.270058267,10.582079903,6.272386021,3.456218746,1.074838093,1.053926862,5.169173701,1.628581536,12.402117673,3.416321406,0,0.50249803696,0.840231017013,0.0906804252917,0.123414180415,0.498064043895,0.641643757112,0.297262603465,0.365960118375,7.8886603295,7.77193564767,3.95847332188,5.58881828665,1.87054093197,3.91854920817,1.3995142575,1.72182996312,0.386958899109,0.576708426249,0.373042648075,0.584900916235,2.09484125642,2.45101133804,0.723969406453,0.730750480787,4.68967389464,6.1753176993,1.27292912034,1.8360555765,0.0,0.0,-0.523840338744,2.143142351,-15.6021136981,0,3.19898643487,1.59661794836,4,4,4.867940594,29.67217594,3.93018700762,2.18311736102,1.6023684865,0.679628735422,1.07701609526,1.3272548204,1.51960544776,1.658620132,1.78422089631,1.86029847204,1.92860095266,1.98732751249,2.03925034008,2.08908446933,2.12692965334,2.143142351,2.09875204956,2.17175555566,-15.2789515293,-15.8104183271,-35.4386924358,-216.013958415,0.6415,0.581880524016,0.64953,0.61697391362,0.654691592163
75,2010.75,18.75,55,16.880057969,5.671209451,32.44873258,-15.568674611,2.012052975,0.188157752,0.811374928,0.75660479,8.198535972,7.495306525,7.977782805,3.251313093,0.869921959,0.589615862,4.05369805,1.620016899,14.940346215,2.235272169,0,0.535835505512,1.32422073383,0.0655077865211,0.101964633999,0.270767679077,0.485632453342,0.294760427753,0.383216725854,3.38727271499,4.05288093362,2.3160845099,4.58116972712,1.59617663607,5.77055593502,1.03304731721,1.9229323559,0.302857739518,0.495513421332,0.155086492832,0.370949139254,1.30192232315,2.37924575611,0.466510348819,0.996007838534,4.54451956463,8.1403954233,0.609708923167,1.44404749781,0.0,0.0,-0.706161895538,2.15861355447,-33.6067520404,0,1.15724684964,2.36983948828,12,12,6.741810243,23.138882187,2.22843505473,3.55922569618,-1.21259263865,0.650079099512,1.05264940195,1.34045078646,1.52707364939,1.67466914711,1.78476832837,1.88147381002,1.96179120099,2.0135527672,2.06161226241,2.10631155491,2.14310597127,2.15861355447,2.14210489936,2.17363919249,-33.3497341608,-33.8406813097,-104.961049962,-360.241727632,0.60687,0.434174254108,0.6415,0.581880524016,0.602904048502
76,2011.0,19.0,154,45.077164429,15.761337612,93.16149796,-48.084333531,6.736793206,0.461210735,1.914967475,0.943439084,9.763728988,22.642697307,16.525043412,12.961979987,5.997824584,2.256498738,10.519773444,7.312472585,48.094381178,7.869189276,0,1.98527147031,4.03666851552,0.137955388475,0.275667995393,0.507760900259,1.25760269906,0.302307090631,0.547033156544,3.8973782661,4.82853887256,7.20294217202,13.2819649101,4.43254122661,10.565751837,3.52589734756,8.23754582802,1.78725998348,3.66964808452,0.645368216859,1.37433111955,3.43427829543,6.03504409378,2.21221770333,4.32258371007,12.6489949662,30.0479293033,2.35699140284,4.68118783364,0.0,0.0,0.323457521643,2.17637224473,-104.649408903,0,5.44605279416,16.7659643932,12,12,25.451683871,70.737078485,8.21645373957,19.4821774663,-11.3199115991,0.626942239732,0.993528397147,1.25014641769,1.44533024715,1.60948477094,1.74135030404,1.85732400417,1.95996008134,2.05000318814,2.09708311461,2.13817842464,2.16245536498,2.17637224473,2.21518007155,2.15858577713,-106.515457392,-103.794158463,-1223.82725618,-3401.34527488,0.63141,0.538270498631,0.60687,0.434174254108,0.640918112849
77,2011.25,19.25,80,27.667519779,8.268466782,44.06401344,-16.396493661,2.138537483,0.247312568,1.15039015,0.513605172,8.987044964,11.740645406,7.722846697,7.910117218,4.23157218,1.036663828,4.680097375,3.245065191,23.446078483,2.95002328,0,0.55409625113,1.39305575738,0.0854560677762,0.13609515327,0.440115934318,0.602859470276,0.194783305084,0.261968646779,3.97873225673,3.83643220688,4.18072071471,6.41218048146,2.16684834947,4.9037127626,2.74450092375,4.49150149918,1.82200156129,1.86814056755,0.354377076219,0.591677541521,1.64949639802,2.53594269706,1.27204688221,1.66084788024,7.36911019123,13.5803034188,0.855233867174,1.7892953525,0.0,0.0,-0.331468446096,2.17905321235,-35.7288321833,0,3.18838947653,7.16812293735,12,12,11.705433077,35.186723889,3.39037793451,8.67659065621,-3.97973346082,0.636745135165,1.01234565481,1.28454171266,1.50339839533,1.65453801344,1.78394289357,1.88730500427,1.97895043629,2.05087336897,2.09737203238,2.13966222912,2.1647932055,2.17905321235,2.19454288231,2.15896449175,-35.9828084585,-35.3994476034,-191.928059246,-576.938895197,0.63842,0.568513056712,0.63141,0.538270498631,0.646367923126
78,2011.5,19.5,56,16.413691506,5.838084068,33.748224424,-17.334532918,2.758131452,0.15872612,0.680448048,0.390333404,11.276819207,9.455787414,6.151603681,3.927308809,1.948630541,0.918229443,3.923941756,2.13807259,9.393684845,2.878282693,0,0.758443991525,1.67971978609,0.0515460402766,0.0905423444032,0.270745841103,0.349096098484,0.119802124795,0.233367614621,4.23479541443,5.7897230714,2.83015108967,5.63184588765,1.51243584087,4.03120331759,1.087815803,2.44073669998,0.513287307887,1.24035509965,0.220545968269,0.621354686879,1.30297376882,2.16840990721,0.567625152038,1.34817557847,2.30201817215,6.11167690113,0.641504993561,2.01201743054,0.0,0.0,-0.688143390035,2.25239720172,-39.0442534377,0,1.40464432476,0.321953829725,4,12,1.821031793,20.732606621,1.93277724228,0.479831013482,1.08269049504,0.689284782465,1.09490014502,1.36444113427,1.55111920392,1.71322525032,1.83866343798,1.95094211936,2.04229431295,2.12401787799,2.1735755334,2.21309810942,2.23928749921,2.25239720172,2.20193158621,2.2694248681,-38.1694555644,-39.339420081,-31.5667355605,-359.390051948,0.63511,0.554202273938,0.63842,0.568513056712,0.645353954753
79,2011.75,19.75,94,31.714910079,11.235737972,51.049351945,-19.334441866,4.899835562,0.301510468,1.321941168,0.793889358,19.875855802,13.504334059,9.91231582,7.748136767,2.095367443,1.213924486,6.209819618,3.139731942,19.141876586,3.841460929,0,1.40093408464,3.09053277776,0.109527536963,0.156911381439,0.448482425743,0.741929699603,0.244079683432,0.458843911546,8.17933388633,9.33323282818,5.20643306001,6.67389755454,3.05747881392,5.66103751266,2.3888498146,4.45796217676,0.5639731375,1.32436063693,0.376079940557,0.721649782097,2.0966996927,3.4960114547,1.05315106204,1.70467142991,5.41455326934,10.9793322466,1.17533366955,2.24897856047,0.0,0.0,-0.1702002985,2.21164954896,-42.7610096324,0,2.76478061699,1.64609941838,4,12,0.733979216,39.017732388,2.97290082631,4.30543469202,1.11868119861,0.692970235234,1.08481567033,1.35020045598,1.54848900278,1.70451977793,1.8295027295,1.93084646378,2.0157641605,2.07922013865,2.12467612139,2.16657308464,2.19707580305,2.21164954896,2.16228755609,2.24499808216,-41.8066230508,-43.4057849088,-14.1910784826,-754.386078599,0.61487,0.467829923718,0.63511,0.554202273938,0.61716442707
80,2012.0,20.0,120,37.092264454,14.087820005,68.819915538,-31.727651084,4.439120766,0.391415181,1.280157445,3.974331284,18.848121539,18.532805978,16.679889141,10.39069473,2.548981495,2.146443838,6.549268177,3.316791563,26.646274631,4.25570421,0,1.33193946621,2.59624686618,0.122831016022,0.220473618427,0.432740068102,0.731402737269,1.29492257635,2.14356533665,7.60374471768,9.20946230599,5.91525236789,10.657763808,4.40388433212,10.5711151812,3.05859837594,6.11559837556,0.80312483405,1.49011951369,0.598451492296,1.30413796615,2.0501363903,3.77068164314,0.952889265949,1.98805386184,7.54819518999,15.1528201046,0.975554357956,2.868474202,0.0,0.0,0.0739966620118,2.23157219645,-70.8025440177,0,0.0555495276965,4.49505629665,4,12,7.798153092,45.49439617,1.68849234979,4.58170492348,-4.43950676895,0.678383846027,1.08368458226,1.3692311081,1.56797766598,1.70880742068,1.81336436593,1.90879997308,1.99513659449,2.0688116439,2.12891729032,2.1810074584,2.21687137899,2.23157219645,2.20718789523,2.24456106792,-70.0288874166,-71.2146503997,-247.417080403,-1443.43032796,0.71188,0.904532297861,0.61487,0.467829923718,0.664740084079
81,2012.25,20.25,167,54.621829334,19.892801622,92.485369046,-37.863539712,4.73109586,0.607251444,2.647178019,4.946295697,20.902597794,21.059630471,15.328997237,13.627951756,3.187233794,2.844129378,9.00979353,10.284197874,52.157324946,5.666322208,0,1.33357686891,2.96253755453,0.196264300835,0.334442598502,0.944508423692,1.44814161633,1.61552762849,2.64419520005,7.72494281704,10.7371909752,7.65264289757,11.2188294069,3.9491926049,10.128350764,4.65697081457,7.53639620635,1.0423247455,1.78589991851,0.909903313952,1.61005191414,3.05661469204,4.94307088299,3.75284840081,5.15194909552,16.1689189296,28.6261146761,1.61759290365,3.35819823801,0.0,0.0,0.404498731647,2.18860217442,-82.8682253449,0,8.44397611258,17.4072852692,12,12,31.097694475,73.216955417,8.51627603205,17.8889237009,-8.96330915659,0.600018903312,0.996298337363,1.2618264371,1.47014119256,1.62843794322,1.76129356566,1.85630487388,1.93904453492,2.01561214734,2.07297899162,2.12458883053,2.17244805783,2.18860217442,2.19064979587,2.19720161783,-82.9457555412,-83.193830712,-1177.46878971,-2772.25309902,0.66098,0.667664479518,0.71188,0.904532297861,0.632710158121
82,2012.5,20.5,193,54.848683263,20.945285401,117.206031339,-62.357348076,7.382991115,0.628528411,4.158051161,2.809691475,18.405934378,24.745382123,17.574752044,15.283893252,5.147366662,3.803873877,20.831581701,10.180926403,53.76036051,8.286666883,0,2.14510186084,4.54911094235,0.188207467373,0.371922154033,1.35310894367,2.45100076154,0.836307744631,1.59851573548,7.03197014811,8.90428507196,7.40845053895,14.9450099136,4.58208679975,11.1854279953,4.79726377986,8.92257681099,1.3766526882,3.2941801493,0.92484730657,2.55025200512,6.55053335829,12.2286886111,3.03238208143,6.17182157878,11.9476983707,35.3274707267,2.67407217205,4.70576888174,0.0,0.0,0.549195108135,2.25498056626,-140.614608075,0,4.53924783171,20.3824608131,12,12,29.014978387,78.505742633,4.91572822256,23.0987821156,-15.8432129814,0.623201947197,1.00607927876,1.28232764776,1.50193585211,1.67784581237,1.8076121569,1.91461486098,2.00825720177,2.08027376862,2.14088689819,2.19622489673,2.24037441355,2.25498056626,2.31005934024,2.22756471937,-144.049174356,-138.905028568,-1809.2971067,-4895.40991933,0.63875,0.569942902091,0.66098,0.667664479518,0.642001100995
83,2012.75,20.75,398,94.014579008,47.034157347,256.95126364,-162.936684632,16.656665027,1.292233477,11.589735775,3.070344683,27.113889857,39.538215073,26.003993714,28.44751178,12.209762968,6.80049772,40.61231462,35.292976381,133.600883371,15.770975533,0,3.69421493271,11.0571179992,0.304261684736,0.835570801704,2.36884043851,8.22892696978,0.820725253797,1.88409389617,9.23979362281,13.9895512621,10.8106784255,24.7684049307,6.54211642572,16.7896044067,7.3726286167,17.988028293,2.80316448743,8.14730649188,1.62575038597,4.49656636221,10.4822161394,25.3599884594,9.08248039456,21.8917246695,25.1189970265,91.3234987165,3.74871116724,10.1908803702,0.0,0.0,1.27295692451,2.18968449789,-356.779932476,0,14.308318601,65.9635102571,12,12,92.988568751,174.213197991,14.6367808871,66.5550937858,-51.6551916561,0.543017057355,0.921424553182,1.19890817337,1.4065777161,1.58162235625,1.73269159563,1.84206229703,1.9407719082,2.02107968723,2.09513161877,2.1461756731,2.17489993519,2.18968449789,2.26806783512,2.16289116143,-369.551453575,-352.414315063,-15151.249101,-28385.7208998,0.6554,0.642861412171,0.63875,0.569942902091,0.666245223709
