p_quarter,f_date,f_date_0,stories,tone,Pro,Neutral,Anti,Explicit,Implicit,Economic,Capacity_and_resources,Morality,Fairness_and_equality,Legality_jurisdiction,Policy_prescription,Crime_and_punishment,Security_and_defense,Health_and_safety,Quality_of_life,Cultural_identity,Public_sentiment,Political,External_regulation,Other,logStories,entropy,d1,d2,d23,top,tone_a,entropy_a,mood,transformed,prev_mood,prev_transformed,salient,toneXstories,toneXsalient,toneXentropy,toneXstoriesXentropy,toneXlogStories,aToneXstories,aToneXaEntropy,p_t_means
0,1992.0,0.0,186,0.222783361425,0.541892275522,0.319108914097,0.319108914097,0.137594329688,0.862405670312,0.0602408439194,0.0460679168925,0.00998348197849,0.0326239867419,0.216710701328,0.0508904076452,0.170349418156,0.0534959584247,0.0369037502796,0.0915719679301,0.108409747801,0.0227661162312,0.072196430129,0.0251608996398,0.00262837294624,-0.68233004386,2.37545658428,0.046361283172,0.108300953527,0.0619396703548,4,0.3,2.06920246582,0.44957,-0.202408220573,,,0,41.437705225,0.0,0.529212202764,98.4334697141,-0.152011780772,55.8,0.620760739746,0.434632854952
1,1992.25,0.25,167,0.289159157922,0.56779469682,0.278635538898,0.278635538898,0.147403834413,0.852596165587,0.0682676542275,0.0509834774371,0.00892310766467,0.0360795121557,0.195296825509,0.071046261515,0.100440815479,0.0445591557844,0.0444905027844,0.0984998823054,0.168755149479,0.0332792480659,0.0545240058743,0.0216424650719,0.00321193650898,-0.790082905156,2.41354578436,0.0265416760299,0.0948560100299,0.068314334,4,0.0,1.99134641341,0.44957,-0.202408220573,0.44957,-0.202408220573,0,48.289579373,0.0,0.697898866612,116.549110724,-0.228459707544,0.0,0.0,0.418095746224
2,1992.5,0.5,145,0.322753842255,0.590764296262,0.268010454007,0.268010454007,0.139078706724,0.860921293276,0.0801066325379,0.034789561469,0.014827991069,0.0376422808069,0.188042078331,0.041301716731,0.128829124779,0.0317868887586,0.0769855133793,0.116130054621,0.167559895055,0.0273204789241,0.0391943993103,0.0120737927241,0.00340959181379,-0.931342975153,2.36922222986,0.0204821832759,0.0592129535517,0.0387307702759,4,0.470588235294,1.90966042154,0.38561,-0.465803409649,0.44957,-0.202408220573,0,46.799307127,0.0,0.764675577843,110.877958787,-0.300594523688,68.2352941176,0.898663727784,0.408633998307
3,1992.75,0.75,138,0.265811638341,0.550800483391,0.284988845051,0.284988845051,0.103742553442,0.896257446558,0.0641881594638,0.048977263587,0.00933859468841,0.0285006401087,0.202273837225,0.0498960081812,0.151056603478,0.0412009694565,0.0725617122609,0.0835035223261,0.151397484529,0.0205928492899,0.0483684455362,0.0252445703768,0.00289933996377,-0.980823032416,2.37856793581,0.0508763526957,0.0512172337464,0.000340881050725,4,0.133333333333,1.84989815187,0.36971,-0.533461116397,0.38561,-0.465803409649,0,36.682006091,0.0,0.632251039922,87.2506435092,-0.260714177169,18.4,0.246653086916,0.390369068572
4,1993.0,1.0,232,0.161636274315,0.492789517828,0.331153243513,0.331153243513,0.186820774948,0.813179225056,0.0659017861121,0.0357749893879,0.00920007118534,0.0413309852629,0.221860765733,0.0666216378793,0.116944694047,0.0307283018017,0.0651208368147,0.0833141288578,0.0755889533319,0.028675443875,0.136240919474,0.0200138768836,0.00268260906897,-0.461339345907,2.39341011272,0.0856198462586,0.104916071685,0.0192962254267,4,-0.125,2.04733481203,0.36576,-0.550450051095,0.36971,-0.533461116397,0,37.499615641,0.0,0.386861893527,89.7519592982,-0.0745691730672,-29.0,-0.255916851504,0.353132533024
5,1993.25,1.25,198,0.188240672596,0.522550959616,0.33431028702,0.33431028702,0.137018525525,0.862981474475,0.0512189547828,0.0422186842273,0.00810969319192,0.0306505346919,0.186180697707,0.049377993697,0.19913256098,0.0375173703434,0.0998126826768,0.0655310074293,0.112080890177,0.0203700066212,0.072071427202,0.0228119015152,0.00291559527273,-0.619809686879,2.36375499794,0.0129518632727,0.087051670803,0.0740998075303,6,-0.275862068966,2.09494610659,0.32077,-0.750235448223,0.36576,-0.550450051095,0,37.271653174,0.0,0.444954830664,88.1010564715,-0.11667339234,-54.6206896552,-0.577916167334,0.264870988941
6,1993.5,1.5,241,0.0204418919668,0.436119111934,0.415677219967,0.415677219967,0.189666197411,0.810333802589,0.0580859194274,0.0378288224979,0.00783137884232,0.0298585377427,0.179408886299,0.0642187742158,0.162191185635,0.0719845561162,0.0467251488174,0.063307823751,0.117975725871,0.0270629846846,0.0720034275228,0.0590847551867,0.00243207386307,-0.423279784083,2.43989547539,0.0172177006639,0.0614331604274,0.0442154597635,4,-0.25,2.01357686727,0.30953,-0.802317507168,0.32077,-0.750235448223,0,4.926495964,0.0,0.0498760797182,12.0201352121,-0.00865263961795,-60.25,-0.503394216818,0.271982738103
7,1993.75,1.75,121,0.215946044777,0.53522873005,0.319282685273,0.319282685273,0.138724878463,0.861275121537,0.0702196019504,0.0313912337273,0.0120526623388,0.0237955261818,0.18113030643,0.0606774896612,0.169534910802,0.032783268876,0.0478243875868,0.0781211307107,0.169620004231,0.029006582686,0.0630410220496,0.0281974134628,0.00260445961157,-1.11228617198,2.36835047553,0.0115103021983,0.0115953956281,8.50934297523e-05,4,0.0909090909091,1.71049323006,0.30336,-0.83134855898,0.30953,-0.802317507168,0,26.129471418,0.0,0.511435917835,61.8837460581,-0.240193799498,11.0,0.15549938455,0.346875259799
8,1994.0,2.0,239,0.140177320531,0.495803829372,0.355626508841,0.355626508841,0.172718895448,0.827281104556,0.103819367623,0.042270133636,0.0121832440377,0.0262130923054,0.163548060075,0.0843645970586,0.14288621849,0.0306610291715,0.0641760292929,0.0669638535105,0.136511006134,0.0296578408117,0.0772936319414,0.016137056795,0.00331483920502,-0.431613165642,2.42449254325,0.0206618415858,0.0270370539414,0.00637521235565,4,0.185185185185,2.37175758807,0.3015,-0.84016516253,0.30336,-0.83134855898,0,33.502379607,0.0,0.339858868361,81.2262695382,-0.0605023770657,44.2592592593,0.43921436816,0.365731178095
9,1994.25,2.25,292,0.0761574440856,0.462772601479,0.386615157394,0.386615157394,0.145294368041,0.854705631959,0.0993359861849,0.0486539383048,0.00822319061644,0.0275471957329,0.175472331685,0.0808913239589,0.178987525493,0.042600868887,0.0448450810103,0.0752909878733,0.0791291319897,0.030222185661,0.0777066347021,0.0278258107329,0.00326780743493,-0.231322915305,2.42338962151,0.00351519380822,0.0796515393082,0.0761363455,6,-0.0625,2.23032861399,0.30094,-0.842825666129,0.3015,-0.84016516253,0,22.237973673,0.0,0.184559159598,53.8912746027,-0.0176169619881,-18.25,-0.139395538374,0.351598549187
10,1994.5,2.5,401,0.15153564213,0.48808927898,0.33655363685,0.33655363685,0.170529889242,0.829470110761,0.0626455652494,0.0423441135736,0.00995499840399,0.0349900552718,0.136714144656,0.0865713075711,0.111359135544,0.0505622448454,0.0468644927132,0.0782232928554,0.0858095712843,0.0306218508279,0.101057108701,0.119724538556,0.00255757996509,0.0858847097333,2.5110754442,0.0169896060998,0.0253550091122,0.00836540301247,4,-0.317073170732,2.27308000904,0.3241,-0.734993025959,0.30094,-0.842825666129,1,60.765792494,0.15153564213,0.380517429873,152.587489379,0.0130145946386,-127.146341463,-0.720732685792,0.288207590421
11,1994.75,2.75,431,0.0686541276079,0.454169286677,0.38551515907,0.38551515907,0.202472841058,0.797527158942,0.0704901934849,0.033987722594,0.0126631430928,0.0357465883712,0.182805306376,0.0800700392761,0.0743226728863,0.0318141184037,0.0419237346265,0.0671469706845,0.0765826703039,0.0635474889838,0.197674906886,0.0284520925893,0.00277235137123,0.15803137253,2.41629447774,0.0148696005104,0.11760486761,0.1027352671,12,0.04,2.07817300647,0.38309,-0.476453197646,0.3241,-0.734993025959,1,29.589928999,0.0686541276079,0.165888589413,71.4979820371,0.0108495060158,17.24,0.0831269202587,0.362517707589
12,1995.0,3.0,255,0.0953012222863,0.473054729671,0.377753507384,0.377753507384,0.131764869227,0.868235130773,0.0828888429373,0.059101120298,0.0124755962314,0.0259523738667,0.15085122618,0.0763248424706,0.131952867788,0.0547515868392,0.0267608711529,0.100458961047,0.0913662074549,0.0281927761098,0.118730665357,0.0362673715569,0.00392469066275,-0.366813172415,2.47306194295,0.0188983583922,0.0321205608235,0.0132222024314,4,-0.0967741935484,2.29884270312,0.42015,-0.322157659028,0.38309,-0.476453197646,0,24.301811683,0.0,0.235685825953,60.099885618,-0.0349577436818,-24.6774193548,-0.222468648689,0.380901005675
13,1995.25,3.25,345,0.152841499357,0.4938690706,0.341027571243,0.341027571243,0.174654624878,0.825345375125,0.0606091638493,0.040058024342,0.0109685320261,0.0354366991304,0.13166165233,0.0805774900261,0.163260356867,0.0422584929681,0.0382533553391,0.0777285245072,0.121433022412,0.0320295482406,0.117001036301,0.0448913796348,0.00383272202029,-0.0645323005419,2.46745603017,0.0315987045362,0.0418273344551,0.0102286299188,6,-0.02,2.24212419599,0.32231,-0.743176140908,0.42015,-0.322157659028,0,52.730317278,0.0,0.377129679247,130.10973934,-0.00986321357175,-6.9,-0.0448424839197,0.257835258481
14,1995.5,3.5,291,0.179512576625,0.514293788003,0.334781211378,0.334781211378,0.133145991216,0.866854008784,0.0788641145876,0.0477575042715,0.00937198281787,0.0230383767938,0.146026977588,0.0630817075739,0.169440141756,0.0382437590103,0.0330916647388,0.0736216345945,0.155653558024,0.0322793994811,0.108661459938,0.0172951045876,0.00357261407216,-0.234753450402,2.39379310087,0.013786583732,0.0234131641684,0.00962658043643,6,0.354838709677,2.19938550049,0.3354,-0.683861506531,0.32231,-0.743176140908,0,52.238159798,0.0,0.429715967445,125.047346527,-0.0421411967533,103.258064516,0.780427113076,0.299971941331
15,1995.75,3.75,290,0.169426368479,0.507997251976,0.338570883497,0.338570883497,0.138161572686,0.861838427314,0.0723379331897,0.0536859498034,0.0140334603931,0.0306013509828,0.150873738693,0.0920092544793,0.154971386841,0.0280441544759,0.0403552898276,0.0820462656276,0.134738468669,0.0252207376862,0.091410559131,0.0261147329448,0.00355671736552,-0.238195794593,2.43913894965,0.00409764814828,0.0202329181724,0.0161352700241,6,0.4,2.30007677726,0.35401,-0.601458862464,0.3354,-0.683861506531,0,49.133646859,0.0,0.413254454456,119.843791792,-0.0403566484649,116.0,0.920030710906,0.367007864873
16,1996.0,4.0,384,0.0721058513073,0.456147930393,0.384042079086,0.384042079086,0.161010715307,0.838989284693,0.0947975774687,0.0519224304714,0.0115567340052,0.0249729810755,0.131370462573,0.0859269027708,0.133572540396,0.0521311502865,0.0329522237031,0.0786283414349,0.103328278466,0.0310848228437,0.147454303643,0.0165404331016,0.0037608175651,0.0425658350145,2.44700697111,0.0138817632474,0.0160838410703,0.00220207782292,12,-0.117647058824,2.20615229529,0.35878,-0.580663224494,0.35401,-0.601458862464,1,27.688646902,0.0721058513073,0.176443520807,67.7543119897,0.00306924577032,-45.1764705882,-0.259547328858,0.39159278729
17,1996.25,4.25,428,0.107790563612,0.478899563243,0.371108999631,0.371108999631,0.192297534068,0.807702465935,0.0596894746682,0.0292634806005,0.0117542894089,0.0346977318855,0.14784163093,0.0792495963551,0.164849064904,0.0368045718668,0.0654518323481,0.0688055101986,0.0920141763925,0.0286628502687,0.151276277967,0.0268430901799,0.00279642271028,0.151046478009,2.42588212338,0.0135727869369,0.0170074339743,0.00343464703738,6,-0.0588235294118,2.26573780399,0.36001,-0.57532074239,0.35878,-0.580663224494,1,46.134361226,0.107790563612,0.261487201336,111.916522172,0.0162813849962,-25.1764705882,-0.133278694352,0.396620901
18,1996.5,4.5,451,0.122481454778,0.472112645829,0.349631191051,0.349631191051,0.158767741098,0.841232258902,0.0625051237073,0.0433759047295,0.00922612225055,0.0249969987184,0.123231508157,0.0951694040687,0.139241823907,0.0310079110488,0.0397092919889,0.0950216021264,0.0891744702927,0.0286664015366,0.206068273071,0.00900301193348,0.00360215266297,0.203390621929,2.3662285208,0.0668264491641,0.0828367649135,0.0160103157494,12,0.0925925925926,1.97799178215,0.36033,-0.573932140139,0.36001,-0.57532074239,1,55.239136105,0.122481454778,0.289819111566,130.708419316,0.0249115792622,41.7592592593,0.183147387236,0.388017224474
19,1996.75,4.75,307,0.14254144585,0.492370564847,0.349829118997,0.349829118997,0.204330219208,0.795669780792,0.0576142651075,0.040754574202,0.00920493018241,0.0307633265635,0.179571052583,0.0726860390098,0.133717767844,0.0332202726026,0.0416365641042,0.0848659285114,0.102437251505,0.0472930604235,0.15028189099,0.0131474401857,0.0028056362899,-0.181228969986,2.40382094348,0.0292891615928,0.0458532847394,0.0165641231466,4,0.157894736842,2.12680258352,0.40067,-0.402674218753,0.36033,-0.573932140139,0,43.760223876,0.0,0.342644112848,105.191742644,-0.0258326394117,48.4736842105,0.33581093424,0.347507434153
20,1997.0,5.0,395,0.307577925635,0.581254308142,0.273676382506,0.273676382506,0.134425745516,0.865574254484,0.0573722423949,0.0588042219114,0.0111489904228,0.0286132039671,0.181617892266,0.0815519638734,0.142239168362,0.0259952136304,0.0443713447291,0.120632742813,0.123031719603,0.0327008568911,0.076544073519,0.0124597858532,0.00291657971392,0.0708090473279,2.40030285612,0.0393787239038,0.0585861726633,0.0192074487595,4,0.282051282051,2.0420159405,0.45118,-0.195904145936,0.40067,-0.402674218753,1,121.493280626,0.307577925635,0.738280173382,291.620668486,0.0217792998933,111.41025641,0.575953213987,0.395077664357
21,1997.25,5.25,413,0.257355982276,0.556605772978,0.299249790702,0.299249790702,0.130681477155,0.869318522845,0.0647344823705,0.0432140013366,0.0109937165351,0.0235861284818,0.197211192145,0.0787936924649,0.172502434591,0.0305117291162,0.0417354384794,0.108018289688,0.0984717776416,0.0284966547143,0.0738425111356,0.0252421221961,0.00264582919855,0.115370875388,2.3845324008,0.0247087575545,0.0891929024576,0.0644841449031,4,0.5625,2.37081679377,0.46418,-0.14352587574,0.45118,-0.195904145936,1,106.28802068,0.257355982276,0.613673678276,253.447229128,0.0296913849615,232.3125,1.3335844465,0.415456885797
22,1997.5,5.5,422,0.203517419173,0.536831706107,0.333314286934,0.333314286934,0.111184161301,0.888815838699,0.0617671189858,0.0474805400521,0.00999904358768,0.0243562702725,0.176792647227,0.0745332021137,0.251853766,0.0454735773009,0.0392222883863,0.100753314972,0.081206901436,0.0200545453863,0.0521924979739,0.0115564036066,0.0027578825237,0.136928596463,2.30336536218,0.0750611187725,0.151100451028,0.0760393322559,6,0.292682926829,1.93455798,0.46754,-0.130022870825,0.46418,-0.14352587574,1,85.884350891,0.203517419173,0.468774973923,197.823038995,0.0278673545631,123.512195122,0.566212091708,0.432117471415
23,1997.75,5.75,342,0.255076783073,0.550420158573,0.2953433755,0.2953433755,0.168840561564,0.831159438436,0.0714671925409,0.0559156990731,0.011349128383,0.027043289,0.205405491442,0.0824331720497,0.167569660804,0.0340111419006,0.0437192680088,0.083165089962,0.105874128377,0.0197586238041,0.0726874956287,0.016810266231,0.00279035281287,-0.0732659805107,2.37805633398,0.0378358306374,0.0995313630643,0.0616955324269,4,0.152173913043,2.20092650897,0.46759,-0.129822025645,0.46754,-0.130022870825,0,87.236259811,0.0,0.606586959639,207.452740197,-0.0186884506174,52.0434782609,0.334923599191,0.457117306187
24,1998.0,6.0,296,0.185222913091,0.517419170703,0.332196257611,0.332196257611,0.133131627686,0.866868372314,0.0748519937534,0.0814215811081,0.0109003858615,0.0222292473243,0.169618610537,0.0751017679764,0.228199074936,0.0282728110608,0.0322158137669,0.07407621375,0.0848013437872,0.0227280684493,0.0785700919764,0.0137115592905,0.00330143663514,-0.217717263249,2.34173612288,0.0585804643986,0.143397731149,0.08481726675,6,0.0,2.0087880182,0.48349,-0.0660640173003,0.46759,-0.129822025645,0,54.825982275,0.0,0.43374318637,128.387983166,-0.0403262257293,0.0,0.0,0.441352785615
25,1998.25,6.25,353,0.227801374904,0.536675880405,0.308874505501,0.308874505501,0.132399716416,0.867600283584,0.083676734153,0.0678881992238,0.0112454218442,0.0234225007309,0.137311162031,0.064680546796,0.195053645765,0.0357300765864,0.0459150248499,0.0761564241643,0.12454774132,0.0251606175581,0.0884628274958,0.0175529891416,0.0031960884136,-0.04160866064,2.40971290367,0.0577424837337,0.0705059044448,0.012763420711,6,0.21875,2.22875916378,0.48744,-0.0502505713905,0.48349,-0.0660640173003,1,80.413885341,0.227801374904,0.54893591258,193.774377141,-0.00947851010168,77.21875,0.487541067077,0.434779657029
26,1998.5,6.5,312,0.28745300833,0.573585076375,0.286132068045,0.286132068045,0.114940485176,0.885059514824,0.084540279109,0.0741387003365,0.0105187565641,0.0257664286699,0.14127380201,0.0644600752885,0.171065798189,0.0384027295256,0.0784279623269,0.0775738156987,0.141522508365,0.0227297862692,0.053123740375,0.0133257068814,0.00312991036538,-0.165073529764,2.4165856046,0.0295432898237,0.0297919961795,0.000248706355769,6,0.6,2.14059278306,0.48842,-0.04632828446,0.48744,-0.0502505713905,0,89.685338599,0.0,0.69465480193,216.732298202,-0.0474508827263,187.2,1.28435566984,0.435907490753
27,1998.75,6.75,233,0.219675768991,0.538924369794,0.319248600803,0.319248600803,0.0985626530601,0.90143734694,0.0582649546137,0.0497249390086,0.0098226945279,0.0233130001931,0.196967578438,0.0571960299485,0.232057593948,0.0342308672318,0.0648806684506,0.083732355485,0.086020483,0.0190603625494,0.0622992412275,0.0195537565579,0.0028754751073,-0.457038264008,2.32440348434,0.0350900155107,0.146037110948,0.110947095438,6,0.461538461538,2.10448701853,0.48866,-0.0453677798631,0.48842,-0.04632828446,0,51.184454175,0.0,0.51061512287,118.973323629,-0.100400232104,107.538461538,0.971301700862,0.43757793515
28,1999.0,7.0,288,0.212556082642,0.535993735597,0.323437652955,0.323437652955,0.126136348399,0.873863651608,0.0503412799097,0.0560816182292,0.0109065404757,0.0262595626285,0.181699804174,0.0564064437674,0.228515910687,0.0386924203437,0.0589320755486,0.0911668734965,0.105256268035,0.0254655972535,0.0461395341285,0.0208508431181,0.00328522906944,-0.245116237437,2.34916045792,0.0468161065139,0.123259642653,0.0764435361389,6,0.102564102564,2.32992308834,0.50023,0.000920000064891,0.48866,-0.0453677798631,0,61.216151801,0.0,0.499328344434,143.806563197,-0.0521009472217,29.5384615385,0.238966470599,0.445590191049
29,1999.25,7.25,288,0.256029368833,0.557666933313,0.301637564479,0.301637564479,0.122751443264,0.87724855674,0.0423074555347,0.0439703869687,0.0131698652465,0.0236698695486,0.197818826896,0.0585300716215,0.213984553615,0.0287560344514,0.0687773012778,0.0938388675417,0.120657968736,0.0259813888056,0.0494839672569,0.0159539798333,0.00309946238542,-0.245116237437,2.32430166059,0.0161657267187,0.0933265848785,0.0771608581597,6,0.28,1.99540055837,0.48857,-0.0457279666112,0.50023,0.000920000064891,0,73.736458224,0.0,0.595089487139,171.385772296,-0.0627569555619,80.64,0.558712156342,0.444971950324
30,1999.5,7.5,367,0.229682223559,0.545064748649,0.31538252509,0.31538252509,0.181192724319,0.818807275681,0.0613164140736,0.0515127052997,0.0124199944932,0.0313388915341,0.201517266082,0.0664020873243,0.162760162183,0.0336097256676,0.0476522533433,0.0868327749591,0.131364778008,0.034602840703,0.0564036051444,0.0190450665177,0.00322143487466,-0.00271486951868,2.39577945532,0.0387571038992,0.0701524880736,0.0313953841744,4,0.428571428571,2.21689274891,0.47516,-0.0994418648162,0.48857,-0.0457279666112,1,84.293376046,0.229682223559,0.550267952454,201.948338551,-0.000623557267723,157.285714286,0.950096892389,0.459909984989
31,1999.75,7.75,307,0.223037503085,0.53327625402,0.310238750935,0.310238750935,0.13756615843,0.862433841573,0.0589515668371,0.0564540882801,0.00942853064821,0.03006304957,0.210800483283,0.0585220598404,0.142107104511,0.0568866847101,0.035015596456,0.0752040317329,0.16356013516,0.0304227318078,0.0443982616156,0.0250213870065,0.00316428859935,-0.181228969986,2.3762629215,0.0472403481238,0.068693378772,0.0214530306482,4,0.285714285714,2.07396003666,0.51041,0.0416460181622,0.47516,-0.0994418648162,0,68.472513447,0.0,0.529995748684,162.708694846,-0.0404208569523,87.7142857143,0.592560010474,0.446250470377
32,2000.0,8.0,497,0.23004812141,0.529282281135,0.299234159724,0.299234159724,0.150211188799,0.849788811201,0.0577231071992,0.0508457805553,0.00993096965191,0.0330612181328,0.261420281117,0.0515065885775,0.142257565089,0.0367336786801,0.0458877172495,0.0674129487082,0.121826929817,0.035610862,0.0568543615573,0.0254846415473,0.0034433500503,0.300513308523,2.35141728551,0.119162716028,0.1395933513,0.0204306352716,4,0.377358490566,2.19660250719,0.51906,0.07627696122,0.51041,0.0416460181622,1,114.333916341,0.23004812141,0.540939129183,268.846747204,0.0691325220846,187.547169811,0.828906606487,0.446901087798
33,2000.25,8.25,461,0.266302779664,0.54492571162,0.278622931957,0.278622931957,0.137545373989,0.862454626011,0.0547736915531,0.0420532276443,0.0123689971931,0.0252908136312,0.268066658254,0.0541804113579,0.146353068538,0.0307510534121,0.0485477752169,0.0893060609393,0.0883172781844,0.02767088718,0.0820700533254,0.0260393723774,0.00421065104555,0.225321325423,2.33829838176,0.121713589716,0.178760597315,0.0570470075987,4,0.269230769231,2.14452407903,0.52118,0.0847707276232,0.51906,0.07627696122,1,122.765581425,0.266302779664,0.622695358747,287.062560382,0.0600036952778,124.115384615,0.577371867431,0.458694318201
34,2000.5,8.5,361,0.271027126019,0.55846812044,0.287440994421,0.287440994421,0.143752918842,0.856247081158,0.0648233404044,0.0574864014958,0.0104052718753,0.0226339544654,0.150821798233,0.0602395550942,0.160988699227,0.0358281613767,0.0613044665346,0.0910236106565,0.127842910601,0.0291368356787,0.0943428240859,0.0297172202133,0.00340495006925,-0.0191987592404,2.44450775817,0.0101669009945,0.033145788626,0.0229788876316,6,0.205128205128,2.07119647912,0.54979,0.199822246558,0.52118,0.0847707276232,1,97.840792493,0.271027126019,0.662527912228,239.172576314,-0.00520338454006,74.0512820513,0.42486081623,0.498186523987
35,2000.75,8.75,311,0.293455243765,0.56631462255,0.272859378785,0.272859378785,0.120086396132,0.879913603868,0.081795695881,0.0585683595209,0.0119035633473,0.02444926109,0.190599058987,0.0662380954084,0.156133822055,0.0322793346206,0.0477534723119,0.0740385341029,0.0974804771801,0.0279950719614,0.106689147132,0.0207382698039,0.00333783651447,-0.168283805394,2.41415521897,0.0344652369325,0.0839099118553,0.0494446749228,4,0.52,2.29129851609,0.52473,0.0990007809899,0.54979,0.199822246558,0,91.264580811,0.0,0.70844650827,220.326864072,-0.0493837651337,161.72,1.19147522836,0.470925975977
36,2001.0,9.0,347,0.338760355248,0.592587815746,0.253827460499,0.253827460499,0.146134564602,0.853865435398,0.0761931610922,0.0515237272882,0.0127781821297,0.0250383217378,0.182128633813,0.0631371223775,0.142573727876,0.0213442562133,0.0445796200115,0.0788924281844,0.129047617095,0.0254920612104,0.0859053208473,0.0587817133429,0.00258410724207,-0.0587519376264,2.43105082283,0.0395549059366,0.0530810167176,0.013526110781,4,0.485714285714,1.87659758588,0.5136,0.0544134217238,0.52473,0.0990007809899,0,117.549843271,0.0,0.823543640367,285.769643207,-0.0199028272618,168.542857143,0.911490255999,0.451607758753
37,2001.25,9.25,419,0.375153195683,0.615122852687,0.239969657005,0.239969657005,0.113076245251,0.886923754749,0.0799160111551,0.0615456282554,0.00985542171838,0.0200125511193,0.200236010807,0.0573943827088,0.137658977959,0.0271067939021,0.0668462422554,0.0869773909594,0.135655351074,0.0199706135203,0.0566283019642,0.0372324534129,0.00296386906444,0.129794202349,2.39891249888,0.0625770328473,0.0645806597327,0.00200362688544,4,0.428571428571,2.12070700598,0.53634,0.145616763321,0.5136,0.0544134217238,1,157.189188991,0.375153195683,0.899959690118,377.083110159,0.0486927097923,179.571428571,0.908874431132,0.479706184883
38,2001.5,9.5,566,0.229644605118,0.525055078491,0.295410473373,0.295410473373,0.142393624949,0.857606375051,0.0693251207827,0.0397495574417,0.00974149468551,0.0329213830548,0.155232930318,0.0608735890053,0.0944104544134,0.0949803262155,0.0396264663357,0.0690910199117,0.102727775936,0.0354452814081,0.0966039490724,0.0963108774806,0.00295977359364,0.43051736063,2.50979330985,0.0525051543816,0.0586289812456,0.00612382686396,4,0.364864864865,2.48447447211,0.41194,-0.355951275833,0.53634,0.145616763321,1,129.978846497,0.229644605118,0.576360493569,326.22003936,0.0988659892785,206.513513514,0.906497442525,0.318021360873
39,2001.75,9.75,530,-0.0041500754434,0.427287295604,0.431437371047,0.431437371047,0.10221842387,0.89778157613,0.0415379340377,0.0392352541415,0.00913106848868,0.0244854527642,0.145228202632,0.0682569684528,0.148414524977,0.240004127677,0.0245508242849,0.0779505310774,0.0755680264132,0.0228603620321,0.0570795461698,0.0226751209792,0.00302205612453,0.364800288973,2.32028345021,0.0915896027,0.0947759250453,0.00318632234528,7,-0.166666666667,2.0799914821,0.36716,-0.54441990523,0.41194,-0.355951275833,1,-2.199539985,-0.0041500754434,-0.00962935136845,-5.10355622528,-0.00151394872101,-88.3333333333,-0.346665247016,0.308752056699
40,2002.0,10.0,489,0.054397911407,0.447711839542,0.393313928135,0.393313928135,0.122276002495,0.877723997505,0.0457659875337,0.0488518323865,0.00953740250511,0.0256252516933,0.190856252096,0.0947339402883,0.137871182611,0.154761758254,0.0258785391186,0.0664094698589,0.0804985999162,0.0266396339407,0.0630233642577,0.0267877010736,0.00275908457055,0.284285771902,2.38971024595,0.0360944938425,0.0529850694847,0.0168905756421,4,-0.016393442623,2.22459146047,0.37153,-0.525658679596,0.36716,-0.54441990523,1,26.600578678,0.054397911407,0.129995246248,63.5676754151,0.0154645522342,-8.01639344262,-0.0364687124667,0.377235385864
41,2002.25,10.25,465,0.0553993575462,0.446330451961,0.390931094415,0.390931094415,0.139135840871,0.860864159131,0.046914808314,0.0462617441742,0.00869142464301,0.0315824271312,0.177291968572,0.104321467581,0.121516629626,0.145191704626,0.0317646831871,0.0611255683376,0.102258229733,0.0213739733871,0.0834224795742,0.0151041838473,0.00317870729892,0.233960688014,2.39947470589,0.0321002639462,0.0557753389462,0.023675075,4,-0.136363636364,2.25030958803,0.44056,-0.238889638441,0.37153,-0.525658679596,1,25.760701259,0.0553993575462,0.132929357155,61.812151077,0.0129612718071,-63.4090909091,-0.306860398367,0.405796361447
42,2002.5,10.5,434,0.153055110689,0.502856610134,0.349801499445,0.349801499445,0.126994635963,0.873005364037,0.0547965823756,0.0511750881705,0.012285699265,0.0271151483387,0.165866694689,0.0776338123571,0.147845700929,0.124342875705,0.045183182212,0.0834225043134,0.0907089237419,0.0233920846912,0.0723251357558,0.0209682964816,0.00293827112442,0.164967816527,2.44220106006,0.0180209937604,0.0415238189839,0.0235028252235,4,0.136363636364,2.36601231518,0.4177,-0.33222230734,0.44056,-0.238889638441,1,66.425918039,0.153055110689,0.373791353572,162.22544745,0.0252491674187,59.1818181818,0.322638042979,0.357267096178
43,2002.75,10.75,423,0.195908461546,0.522147841849,0.326239380303,0.326239380303,0.122305044738,0.877694955262,0.0520059877589,0.0402642821678,0.0129637124681,0.0263688043995,0.169657030444,0.0639644272719,0.163985539092,0.0955201132151,0.0439193408251,0.0852460040378,0.106772072395,0.0263555798534,0.0761164936312,0.0339468752151,0.00291373738061,0.139295461473,2.44266339169,0.00567149135225,0.0628849580496,0.0572134666974,4,0.291666666667,2.37135883511,0.66461,0.683906368653,0.4177,-0.33222230734,1,82.869279234,0.195908461546,0.478538427142,202.421754681,0.0272891595575,123.375,0.691646326907,0.618053286091
44,2003.0,11.0,412,0.17994760957,0.515763882529,0.335816272959,0.335816272959,0.0907942668325,0.909205733167,0.0464602606626,0.0484605672743,0.0109339986092,0.0266964880534,0.187424467658,0.0815838027961,0.170408304949,0.114678659714,0.0390337708519,0.0860074170825,0.104481292167,0.0233923991408,0.0351509541335,0.022743023949,0.00254459290049,0.112946631776,2.38394951288,0.0170161627087,0.0727458079442,0.0557296452354,4,0.279069767442,2.23283240394,0.61122,0.452443328896,0.66461,0.683906368653,1,74.138415143,0.17994760957,0.428986016179,176.742238666,0.0203244763972,114.976744186,0.623116019704,0.492772553423
45,2003.25,11.25,397,0.150660295239,0.506761086504,0.356100791264,0.356100791264,0.0993495019496,0.90065049805,0.0543513255542,0.0355845469572,0.00982174858438,0.0285239707859,0.193702645715,0.0582848589798,0.192595942509,0.0983418790227,0.072138298801,0.0808252152292,0.0742872767431,0.0264610231008,0.0453340224736,0.0267397592091,0.00300748623678,0.0758595631139,2.3895719524,0.00110670320655,0.0953607666927,0.0942540634861,4,0.275,2.28030975528,0.52038,0.0815651902227,0.61122,0.452443328896,1,59.81213721,0.150660295239,0.360013615844,142.92540549,0.0114290241755,109.175,0.627085182703,0.426300753717
46,2003.5,11.5,343,0.29426697456,0.570445355318,0.276178380758,0.276178380758,0.159941028493,0.840058971507,0.0716536667347,0.0389702939534,0.0107659069621,0.0274509821429,0.152731584458,0.0702177510758,0.158080598464,0.0548304861574,0.0412600019009,0.0948571370933,0.107281552373,0.0582860697464,0.0965903296122,0.0146960479767,0.00232759156268,-0.0703462704073,2.44911975308,0.00534901400583,0.0507990460904,0.0454500320845,6,0.547619047619,2.32282195019,0.48653,-0.0538930403933,0.52038,0.0815651902227,0,100.933572274,0.0,0.720695060074,247.198405606,-0.0207005841643,187.833333333,1.27202154415,0.383918094242
47,2003.75,11.75,395,0.224741367068,0.542678830235,0.317937463167,0.317937463167,0.174199914876,0.825800085124,0.0721206846253,0.0410538176152,0.0131933806557,0.0298509857266,0.147557839243,0.0774908730633,0.168177524843,0.0543145256532,0.0399781688506,0.0978901344785,0.106050857552,0.0424435111139,0.0860929077443,0.0211125045949,0.00267228435696,0.0708090473279,2.45788815979,0.0206196856,0.0621266672911,0.0415069816911,6,0.230769230769,2.21265642986,0.46766,-0.129540846785,0.48653,-0.0538930403933,1,88.772839992,0.224741367068,0.552389145132,218.193712327,0.0159137220973,91.1538461538,0.510613022275,0.407292545809
48,2004.0,12.0,530,0.292636234208,0.555089581153,0.262453346945,0.262453346945,0.186139043455,0.813860956545,0.0788270957132,0.0458805184604,0.0123516993547,0.0298846431245,0.154233594706,0.106679196649,0.103005961442,0.0433875620887,0.0322153664358,0.0825047977,0.0956587938849,0.0333278209453,0.135588943628,0.0434686729226,0.00298533281509,0.364800288973,2.47710498338,0.0186446510774,0.0475543980566,0.0289097469792,4,0.220338983051,2.41527262081,0.47626,-0.0950314543795,0.46766,-0.129540846785,1,155.09720413,0.292636234208,0.724890674072,384.192057258,0.106753782803,116.779661017,0.532178713059,0.412357610069
49,2004.25,12.25,370,0.284239764289,0.574098796914,0.289859032624,0.289859032624,0.138208763132,0.861791236868,0.0781515751703,0.047374188273,0.0108825772514,0.0248729359514,0.15394138603,0.0748958414324,0.151361428781,0.0598829735676,0.0521459153054,0.111743272843,0.115591853232,0.0242836714676,0.0767694704946,0.0151997122676,0.00290319816486,0.00542628806501,2.43756938259,0.00257995724865,0.0383495327973,0.0357695755486,4,0.0731707317073,2.21084324731,0.46494,-0.140470525137,0.47626,-0.0950314543795,1,105.168712787,0.284239764289,0.692854146746,256.356034296,0.00154236684056,27.0731707317,0.161769018096,0.402843413241
50,2004.5,12.5,333,0.241163991132,0.54865391197,0.307489920838,0.307489920838,0.117466458468,0.882533541535,0.0725170424324,0.044688955979,0.0126004747417,0.0199004732613,0.156500080276,0.0514128975796,0.183301512444,0.0755791064745,0.0485788135375,0.0964398887477,0.102139984685,0.0304387732252,0.09013042603,0.0124904304895,0.00328114013213,-0.0999342275928,2.41348086522,0.0268014321682,0.0811615277598,0.0543600955916,6,0.15625,2.17281594302,0.50257,0.0102800905326,0.46494,-0.140470525137,0,80.307609047,0.0,0.582044677978,193.820877767,-0.024100537177,52.03125,0.339502491097,0.443556745063
51,2004.75,12.75,398,0.28780539991,0.560911485626,0.273106085716,0.273106085716,0.148277326606,0.851722673394,0.0746357589824,0.0421443298643,0.0135251897136,0.0249519988141,0.154290899384,0.0543607444472,0.138167857503,0.0448021849749,0.0414690162161,0.0911288826633,0.128572356151,0.032949048794,0.127196553641,0.0284340361156,0.00337114291709,0.0783752877112,2.44588077092,0.0161230418819,0.0257185432337,0.00959550135176,4,0.244897959184,2.31126370851,0.54398,0.176375813273,0.50257,0.0102800905326,1,114.546549164,0.28780539991,0.703937693406,280.167201976,0.0225568310227,97.4693877551,0.56602376535,0.499010814655
52,2005.0,13.0,385,0.127601413797,0.486349136808,0.35874772301,0.35874772301,0.132743394717,0.867256605286,0.0570008504961,0.0366998392571,0.00980066005714,0.0231435774182,0.161706075717,0.0672383285948,0.196972237094,0.0720450234519,0.0427353621481,0.0789469089429,0.0988409577117,0.0335447520026,0.0956131066078,0.0224976237636,0.0032146963974,0.0451666167145,2.40880151036,0.0352661613766,0.0981312793818,0.0628651180052,6,0.194444444444,2.25664320986,0.52598,0.104013674303,0.54398,0.176375813273,1,49.126544312,0.127601413797,0.307366478279,118.336094138,0.00576332414922,74.8611111111,0.43879173525,0.452931259212
53,2005.25,13.25,431,0.0949283702251,0.470973523327,0.376045153102,0.376045153102,0.149974535452,0.850025464548,0.0689923264176,0.0403111364501,0.0163878166868,0.0245057763643,0.144685567896,0.073340475536,0.189706987274,0.0744515731183,0.0376006098817,0.0713625617448,0.0776333421323,0.0337357085035,0.117810968726,0.0262628097541,0.00321233953364,0.15803137253,2.44272286314,0.0450214193782,0.0718960185476,0.0268745991694,6,-0.0175438596491,2.38156321739,0.50037,0.00148000027015,0.52598,0.104013674303,1,40.914127567,0.0949283702251,0.23188370031,99.9418748335,0.0150016606387,-7.56140350877,-0.0417818108314,0.431300833082
54,2005.5,13.5,425,0.121666569515,0.486544468059,0.364877898544,0.364877898544,0.155330759348,0.844669240652,0.0580241071812,0.0367683370918,0.0116689900635,0.0245840812141,0.147249782254,0.0539796521859,0.195192359174,0.0790060722,0.0438724582918,0.0775359709906,0.114881727179,0.0423461929435,0.0932824821718,0.0178343445671,0.00377344252706,0.144012451351,2.42081211356,0.04794257692,0.0803106319953,0.0323680550753,6,-0.283333333333,2.27320528116,0.48851,-0.0459680927561,0.50037,0.00148000027015,1,51.708292044,0.121666569515,0.294531905298,125.176059752,0.0175215009234,-120.416666667,-0.644074829661,0.417244701753
55,2005.75,13.75,484,0.00474849775826,0.410105609833,0.405357112074,0.405357112074,0.188830542411,0.811169457589,0.0969044721983,0.0398768140888,0.0109354210021,0.0228338320455,0.115524172519,0.0933513277789,0.123629677099,0.0647869453347,0.0341896811632,0.0704717765661,0.0764442934483,0.0386901388864,0.186619437215,0.0219784772996,0.00376353327893,0.274008189143,2.43970904327,0.0629897601157,0.0710952646963,0.00810550458058,12,-0.0508474576271,2.2720189448,0.4458,-0.217655211477,0.48851,-0.0459680927561,1,2.298272915,0.00474849775826,0.0115849529228,5.60711721463,0.00130112727189,-24.6101694915,-0.115526387024,0.392091558709
56,2006.0,14.0,758,0.0838275990277,0.44102559795,0.357197998922,0.357197998922,0.26531834121,0.73468165879,0.0808627758074,0.037005290752,0.0136831850264,0.0253575906029,0.103856008148,0.0992724389815,0.103715613087,0.0420588355396,0.0365241355369,0.0677959679156,0.064864092843,0.0929128632823,0.203961062934,0.0253565132533,0.00277362583641,0.722606668069,2.44540271478,0.100105054786,0.100245449847,0.000140395060686,12,0.12,2.34420391245,0.49962,-0.00152000029265,0.4458,-0.217655211477,1,63.541320063,0.0838275990277,0.204992238236,155.384116583,0.0605743820256,90.96,0.281304469494,0.431209241916
57,2006.25,14.25,1694,0.15824080723,0.477932109534,0.319691302304,0.319691302304,0.290411474824,0.709588525177,0.0814875608312,0.0333279635218,0.013634796503,0.02850760699,0.0960847557745,0.0761643300342,0.0836904077131,0.0601601741045,0.0207913139244,0.0653916107373,0.0834169931836,0.121577151406,0.210136671459,0.0229495931234,0.00267907076623,1.52677115764,2.42811419078,0.0885595200531,0.114051915685,0.0254923956316,12,0.0684210526316,2.33403518484,0.53119,0.124922203591,0.49962,-0.00152000029265,1,268.059927447,0.15824080723,0.384226749595,650.880113815,0.24159750044,115.905263158,0.159697144226,0.477319864052
58,2006.5,14.5,739,0.0470986772625,0.419170608635,0.372071931372,0.372071931372,0.175737204028,0.824262795972,0.0654185098512,0.0309956762436,0.0105166299662,0.0204448044195,0.12278380264,0.0860911224046,0.110076351231,0.0660086148579,0.0319216764574,0.0590873718281,0.0845919549662,0.0639489890217,0.227525630679,0.0176721250014,0.00291674047361,0.697221203375,2.39151251748,0.104741828039,0.117449279448,0.0127074514087,12,0.0425531914894,2.18148462438,0.50234,0.00936006833639,0.53119,0.124922203591,1,34.805922497,0.0470986772625,0.11263707623,83.2387993341,0.0328381964383,31.4468085106,0.0928291329525,0.438573274113
59,2006.75,14.75,604,0.111453638131,0.467064972482,0.355611334351,0.355611334351,0.168173341904,0.831826658098,0.063301686548,0.0395179824338,0.0121828805265,0.0261864514189,0.166261546351,0.0702824731192,0.16906353547,0.0420535507732,0.0335145707831,0.0706265397997,0.0902891146308,0.0379702318361,0.161502316619,0.0142975627533,0.00294955682947,0.495497480362,2.38484314528,0.00280198911921,0.00756121885099,0.00475922973179,6,0.0933333333333,2.3686757417,0.45367,-0.185853127281,0.50234,0.00936006833639,1,67.317997431,0.111453638131,0.265799444913,160.542864728,0.0552249968709,56.3733333333,0.221076402559,0.409775911242
60,2007.0,15.0,553,0.174261067429,0.504604721978,0.33034365455,0.33034365455,0.168168704481,0.831831295521,0.085002888358,0.0416508293906,0.0128058185353,0.0272681464756,0.155188423548,0.0857389029168,0.163322815221,0.0368495255099,0.0371206558228,0.0843624906203,0.0798775586691,0.0468290171338,0.118479215061,0.0222261797089,0.00327753311935,0.407281283949,2.44543441302,0.00813439167269,0.0448436001591,0.0367092084864,6,0.246376811594,2.43151658069,0.44511,-0.220448453274,0.45367,-0.185853127281,1,96.366370288,0.174261067429,0.42614401114,235.65763816,0.0709732712846,136.246376812,0.59906930249,0.390517813122
61,2007.25,15.25,1004,0.186365654035,0.474028994459,0.287663340424,0.287663340424,0.230326906313,0.769673093687,0.0721919007221,0.0438505122749,0.0121995670807,0.0232633628805,0.113754803387,0.100818568052,0.0941881566683,0.0278521503635,0.021670430748,0.0707149237699,0.0578162137639,0.0594210430199,0.287100645711,0.0124098086813,0.00274791284163,1.00367058268,2.30083552771,0.173345842324,0.186282077659,0.0129362353357,12,0.148514851485,2.18753576863,0.50452,0.018080492533,0.44511,-0.220448453274,1,187.111116651,0.186365654035,0.428796717948,430.51190482,0.187049724576,149.108910891,0.324881549797,0.455993956573
62,2007.5,15.5,644,0.14316266957,0.489079862042,0.345917192472,0.345917192472,0.195901689008,0.804098310995,0.0808805520435,0.0496530615295,0.0125170914068,0.0276061030388,0.171994817823,0.102228616556,0.143835495238,0.026283281486,0.0313651764161,0.0753636565419,0.0690603991087,0.0468227872624,0.144843393772,0.0145877605016,0.00295780718789,0.559622008531,2.40697658541,0.0271514240512,0.0281593225854,0.00100789853416,4,0.208955223881,2.33466394423,0.54728,0.189686721618,0.50452,0.018080492533,1,92.196759203,0.14316266957,0.344589193559,221.915440652,0.0801169806914,134.567164179,0.487840227153,0.444440974381
63,2007.75,15.75,684,0.0572321422865,0.428228462259,0.370996319972,0.370996319972,0.184797469678,0.815202530323,0.0651571778173,0.0391029822003,0.0113021099415,0.0279191915833,0.141768054458,0.0879098107661,0.134387203029,0.0293629039649,0.0205794787895,0.0675606832982,0.0767007244868,0.0462567203114,0.237179650665,0.0119936718026,0.00281963710234,0.619881200049,2.33127916623,0.0954115962076,0.102792447636,0.00738085142836,12,0.126582278481,2.18520870166,0.55811,0.233495093243,0.54728,0.189686721618,1,39.146785324,0.0572321422865,0.133424100951,91.2620850505,0.035477129042,86.582278481,0.276608696412,0.444458128344
64,2008.0,16.0,415,0.0749779061711,0.44457332994,0.369595423769,0.369595423769,0.150903370055,0.849096629947,0.0803872387904,0.0706165979108,0.0109307173639,0.0264670938024,0.136620247957,0.10412439319,0.143899474402,0.0362561189181,0.0271784814627,0.0566996712386,0.0700890317253,0.0402877022916,0.179805437718,0.0132459171735,0.00339187614217,0.120201802657,2.40353023752,0.0359059633157,0.0431851897614,0.00727922644578,12,-0.0816326530612,2.23089047028,0.56087,0.244693652813,0.55811,0.233495093243,1,31.115831061,0.0749779061711,0.180211664628,74.7878408208,0.00901247948124,-33.8775510204,-0.182113507778,0.457011767035
65,2008.25,16.25,415,0.148069447395,0.497358895882,0.349289448487,0.349289448487,0.17501822846,0.824981771542,0.0800017883446,0.0546549068578,0.0153311382386,0.0296721653422,0.136830699978,0.0821157145639,0.198235056017,0.0309280008434,0.0482262314699,0.0769671159398,0.0855614151157,0.0464772545831,0.100993264229,0.0111627394024,0.00284250919759,0.120201802657,2.43004385737,0.0614043560386,0.097241791788,0.0358374357494,6,0.551020408163,2.33799569522,0.56688,0.269132815251,0.56087,0.244693652813,1,61.448820669,0.148069447395,0.359815251107,149.323329209,0.0177982144954,228.673469388,1.28828334227,0.500217975604
66,2008.5,16.5,320,0.0957595873906,0.470641548619,0.374881961228,0.374881961228,0.175566181316,0.824433818684,0.0698949369188,0.0368980169844,0.0106764572437,0.0260614175563,0.150729931006,0.0696862079906,0.235754325666,0.0268079914938,0.03929349405,0.0646783460312,0.105258616066,0.0366718234,0.115406444594,0.00923097314375,0.0029510172125,-0.139755721779,2.33189724762,0.0850243946594,0.120347881072,0.0353234864125,6,0.139534883721,2.23587222821,0.59571,0.387621529235,0.56688,0.269132815251,0,30.643067965,0.0,0.223301518269,71.4564858461,-0.0133829502531,44.6511627907,0.311982171377,0.536585502483
67,2008.75,16.75,216,0.117040068056,0.476614172213,0.359574104157,0.359574104157,0.128573736801,0.871426263199,0.0882244947269,0.0506198233287,0.0104740708056,0.0262576351343,0.154288700773,0.0619038748472,0.202170787648,0.0445045893333,0.0309751080741,0.078471093,0.0885826392685,0.0297409769352,0.118368128282,0.0124520796528,0.0029659984213,-0.532798309889,2.38188606701,0.047882086875,0.0838026593657,0.0359205724907,6,0.470588235294,1.95213820942,0.4542,-0.183714978603,0.59571,0.387621529235,0,25.2806547,0.0,0.278776107383,60.2156391948,-0.0623587504493,101.647058824,0.918653275019,0.411348983547
68,2009.0,17.0,260,0.186482722796,0.519352710788,0.332869987992,0.332869987992,0.161317249785,0.838682750227,0.0808376579077,0.0447490676192,0.0137613043923,0.0261402160808,0.14824131565,0.0895960374077,0.203142102023,0.0276326380654,0.0377271001115,0.0939473409154,0.0762709819846,0.0316672299962,0.109933150008,0.0138633933731,0.00249046438462,-0.347395086558,2.38707435592,0.0549007863731,0.0932089520154,0.0383081656423,6,0.52,2.10026603365,0.45531,-0.179238319851,0.4542,-0.183714978603,0,48.485507927,0.0,0.44514812541,115.738512607,-0.0647831816273,135.2,1.0921383375,0.447505231744
69,2009.25,17.25,301,0.140870234465,0.48898139307,0.348111158605,0.348111158605,0.184846263136,0.815153736864,0.0573917260764,0.0456543624551,0.017640181299,0.0257108737708,0.177535472551,0.0757038034917,0.191972621076,0.0299413212724,0.0472000974319,0.0748835462724,0.0710611176578,0.0480113075017,0.114350366352,0.0195593074518,0.00338389497342,-0.200966452824,2.41048820759,0.0144371485249,0.0776222547243,0.0631851061993,6,0.0243902439024,2.20173485502,0.46803,-0.128054700347,0.45531,-0.179238319851,0,42.401940574,0.0,0.339566038979,102.209377733,-0.028310191329,7.34146341463,0.0537008501224,0.422423324607
70,2009.5,17.5,243,0.188243372523,0.51209037372,0.323847001198,0.323847001198,0.180279851597,0.819720148412,0.0684040054938,0.0437623222716,0.0127420354156,0.0315734290617,0.156559783374,0.103157682029,0.163561759778,0.0389160910247,0.0743640728601,0.0755659739506,0.0728088816996,0.0272103983333,0.102309995704,0.0255776045391,0.00348596471605,-0.415015274233,2.45619734768,0.00700197640329,0.060404077749,0.0534021013457,6,0.272727272727,2.11814635595,0.4585,-0.166382774745,0.46803,-0.128054700347,0,45.743139523,0.0,0.462362872309,112.354177971,-0.07812387487,66.2727272727,0.577676278896,0.393811357404
71,2009.75,17.75,221,0.13647570871,0.482806157213,0.346330448502,0.346330448502,0.194411221516,0.805588778489,0.0696345170769,0.0359467970136,0.0119530676561,0.0225306435792,0.145375968932,0.0914072377783,0.2104315319,0.0229661324796,0.0451266765113,0.0647707245566,0.0821133082353,0.0325612417511,0.150897629864,0.0111770252489,0.00310749786425,-0.509914016056,2.34453081125,0.0595339020362,0.0650555629683,0.00552166093213,6,-0.1,2.2005012087,0.44647,-0.214943742412,0.4585,-0.166382774745,0,30.161131625,0.0,0.319971504059,70.713702397,-0.0695908767225,-22.1,-0.22005012087,0.418310764477
72,2010.0,18.0,277,0.263814736823,0.548950871123,0.2851361343,0.2851361343,0.23701936191,0.76298063809,0.073315185917,0.0352334880975,0.0133084280072,0.0291596802888,0.137584723054,0.0734923635162,0.156415544094,0.0231094207184,0.0523111704477,0.0967900504043,0.0702853701805,0.0735564389964,0.150879838159,0.0115533052491,0.00300499305415,-0.284059211386,2.42532496203,0.00553570593502,0.0188308210397,0.0132951151047,6,0.486486486486,2.23850774825,0.44336,-0.227536630289,0.44647,-0.214943742412,0,73.0766821,0.0,0.639836466568,177.234701239,-0.074939006094,134.756756757,1.08900376942,0.435194799374
73,2010.25,18.25,654,0.100941269254,0.45648936118,0.355548091927,0.355548091927,0.264272656606,0.735727343394,0.0411133482018,0.0250464827569,0.0135133521697,0.0372058658991,0.191372984691,0.103823798783,0.112200548093,0.0432899820505,0.0217280533731,0.0581146852554,0.0506389562875,0.0871658529205,0.194223173787,0.0183044638333,0.00225845171254,0.575030633884,2.35470738197,0.00285018909633,0.0820226256942,0.0791724365979,12,0.148148148148,2.3623950505,0.48781,-0.0487696641746,0.44336,-0.227536630289,1,66.015590092,0.100941269254,0.237687151857,155.447397315,0.0580443220441,96.8888888889,0.349984451926,0.459742112843
74,2010.5,18.5,616,0.0134283361575,0.415746214393,0.402317878235,0.402317878235,0.231787075881,0.76821292412,0.0473509655308,0.0267365927711,0.0153570179903,0.0323227785276,0.225068234114,0.0908139292354,0.13641709351,0.0402976655227,0.0227889256851,0.0603179784838,0.0577704038003,0.0507701469302,0.181009754955,0.0104355931818,0.00254292005195,0.51517024596,2.31478309327,0.0440584791591,0.0886511406039,0.0445926614448,4,0.119402985075,2.23821592604,0.5019,0.00760003658165,0.48781,-0.0487696641746,1,8.271855073,0.0134283361575,0.0310836855081,19.147550273,0.00691787924108,73.552238806,0.26724966281,0.440769184138
75,2010.75,18.75,312,0.072614542516,0.446999365872,0.374384823356,0.374384823356,0.180367755176,0.819632244824,0.0629989248301,0.024958588125,0.00918800040705,0.020158918609,0.192904029503,0.102176969045,0.171900289538,0.0259766618045,0.0147098458942,0.070865565859,0.056326823141,0.0384917325449,0.194448301551,0.0120208421667,0.00287450694231,-0.165073529764,2.26154241554,0.00154427204808,0.0225480120128,0.0210037399647,12,-0.0789473684211,2.1025905005,0.5248,0.0992814695814,0.5019,0.00760003658165,0,22.655737265,0.0,0.164220867885,51.2369107802,-0.0119867388453,-24.6315789474,-0.165993986881,0.437064357093
76,2011.0,19.0,399,0.0318040309223,0.433296491586,0.401492460664,0.401492460664,0.180604747797,0.819395252203,0.0697202936516,0.0274427027945,0.0121841963383,0.0291192844637,0.174006920028,0.127705360789,0.171137276236,0.0373692762957,0.0232171333534,0.0769451627268,0.0662768631429,0.0305178855263,0.140914378559,0.010256560391,0.00318670584461,0.0808846993166,2.34556454213,0.00286964379198,0.0330925414687,0.0302228976767,4,-0.0425531914894,1.97764194296,0.53044,0.121910764799,0.5248,0.0992814695814,1,12.689808338,0.0318040309223,0.0745984072282,29.7647644841,0.00257245947821,-16.9787234043,-0.084154976296,0.442256123866
77,2011.25,19.25,475,0.115350159282,0.469518929166,0.354168769884,0.354168769884,0.174302529592,0.825697470408,0.0739372508505,0.0316626223474,0.0126126238,0.0235430492653,0.199653183253,0.0908697030105,0.138065754912,0.0353669206737,0.0249029204821,0.0741632303095,0.0583030737053,0.0450216010232,0.177704669248,0.0114902829726,0.00270311421053,0.255238086461,2.34099317642,0.0219485140042,0.0615874283411,0.0396389143368,4,0.35,1.98858977695,0.53068,0.122874364493,0.53044,0.121910764799,1,54.791325659,0.115350159282,0.270033935778,128.266119494,0.0294417539282,166.25,0.696006421933,0.46020615363
78,2011.5,19.5,386,0.151979010013,0.494237483531,0.342258473518,0.342258473518,0.17976857178,0.82023142822,0.0793933324793,0.0281845932332,0.0117270857435,0.0257165406813,0.216696803858,0.091007719956,0.143554175197,0.0341894244974,0.0220118259482,0.0722453987798,0.0759026905389,0.0473854162358,0.137824036047,0.0112662706995,0.00289468616062,0.0477606518916,2.34620595961,0.0731426286606,0.0788727678109,0.00573013915026,4,0.303571428571,2.23705783767,0.53601,0.144289817343,0.53068,0.122874364493,1,58.663897865,0.151979010013,0.356574059028,137.637586785,0.00725861659205,117.178571429,0.679106843577,0.47315263771
79,2011.75,19.75,433,0.159453584628,0.485153198566,0.325699613938,0.325699613938,0.182952938702,0.817047061298,0.0800386108453,0.0357014433557,0.0133852244758,0.0309846713141,0.19803256837,0.0821531949169,0.135245713326,0.026356593194,0.0182274760162,0.072022339321,0.0646742014319,0.036542002455,0.194706709878,0.00958912929561,0.00234012151501,0.162661010429,2.31672264681,0.00332585849192,0.0627868550439,0.059460996552,4,0.296875,2.24794239987,0.52532,0.10136670792,0.53601,0.144289817343,1,69.043402144,0.159453584628,0.369409730623,159.95441336,0.0259368811922,128.546875,0.667357899961,0.450562905446
80,2012.0,20.0,297,0.249062571727,0.537405103983,0.288342532256,0.288342532256,0.163310216044,0.836689783956,0.0891532786263,0.0348244175657,0.0111499547003,0.0260663520303,0.189729836515,0.0765016170505,0.128914807798,0.0190790319731,0.0281042835623,0.0932325900673,0.0812576155556,0.032878432963,0.174339598848,0.0115248715219,0.00324331110438,-0.214344578771,2.34166797202,0.0153902376667,0.0608150287172,0.0454247910505,4,0.433333333333,1.94269937404,0.56438,0.258957479803,0.52532,0.10136670792,0,73.971583803,0.0,0.583221847244,173.216888631,-0.0533852120244,128.7,0.841836395416,0.467190618102
81,2012.25,20.25,526,0.179201403086,0.487700481367,0.308499078281,0.308499078281,0.202729745797,0.797270254203,0.0548859818365,0.0257076870779,0.0120551883802,0.0244826813593,0.253956138445,0.0914051834525,0.103586490287,0.018265758903,0.0176003077148,0.0690910594677,0.0710803091977,0.0321116461065,0.214372169838,0.00929438730608,0.0021050105019,0.357224495164,2.21292723574,0.0395839686065,0.150369648158,0.110785679551,4,0.415384615385,2.00813032985,0.58855,0.357974378807,0.56438,0.258957479803,1,94.259938023,0.179201403086,0.396559665572,208.590384091,0.06401513075,218.492307692,0.834146444707,0.521526198465
82,2012.5,20.5,353,0.3117911877,0.573747883751,0.261956696051,0.261956696051,0.150148973836,0.849851026164,0.0699161877989,0.0311146915184,0.0135839427479,0.02285894717,0.251375703303,0.118205689156,0.103473810966,0.0145294694618,0.0238816974334,0.105440831742,0.0747228878187,0.0262085635382,0.133666139785,0.00869476824363,0.00232666917847,-0.04160866064,2.27447815046,0.117709563518,0.133170014147,0.0154604506289,4,0.466666666667,1.94349297791,0.79725,1.36919461289,0.58855,0.357974378807,1,110.062289258,0.3117911877,0.709162243928,250.334272107,-0.0129732137195,164.733333333,0.906963389689,0.66100650551
83,2012.75,20.75,305,0.239600130111,0.510171321475,0.270571191364,0.270571191364,0.185020704607,0.814979295393,0.0709648004525,0.030557363082,0.0106070066721,0.0206887337869,0.144364603348,0.0992730498623,0.0979532936689,0.0220370736656,0.0183296955475,0.0655972080131,0.080918277977,0.0426928319279,0.284933413272,0.00858681010164,0.00249583871803,-0.187764940966,2.24679033351,0.140568809925,0.18566036341,0.0450915534852,12,0.447368421053,1.61408974899,0.79022,1.32625202517,0.79725,1.36919461289,0,73.078039684,0.0,0.538331256243,164.191033154,-0.0449885042858,136.447368421,0.722092782444,0.528928741733
